證券代碼,年月日,收盤價(元),流通在外股數(千股),成交量(千股)
0050 元大台灣50,2017/04/26,74.55,"567,500","4,117"
0051 元大中型100,2017/04/26,27.66,"16,500",20
0052 富邦科技,2017/04/26,45.32,"7,000",5
0053 元大電子,2017/04/26,32.18,"9,488",3
0054 元大台商50,2017/04/26,23.58,"15,624",4
0055 元大MSCI金融,2017/04/26,14.82,"52,154",31
0056 元大高股息,2017/04/26,24.45,"359,534","1,736"
0057 富邦摩台,2017/04/26,44.65,"6,027",1
0058 富邦發達,2017/04/26,43.35,"4,696",1
0059 富邦金融,2017/04/26,35.11,"5,973",4
0061 元大寶滬深,2017/04/26,15.12,"727,116",960
006201 元大富櫃50,2017/04/26,11.59,"23,946",11
006203 元大MSCI台灣,2017/04/26,34.57,"7,718",2
006204 永豐臺灣加權,2017/04/26,48.81,"3,000",0
006205 富邦上証,2017/04/26,26.44,"623,518","1,645"
006206 元大上證50,2017/04/26,25.36,"195,278",946
006207 復華滬深300,2017/04/26,19.85,"256,892",951
006208 富邦台50,2017/04/26,43.9,"22,540",16
00625K 富邦上証+R,2017/04/26,6.05,754,54
00631L 元大台灣50正2,2017/04/26,28.35,"28,584","2,824"
00632R 元大台灣50反1,2017/04/26,14.99,"4,680,649","40,881"
00633L 富邦上証正2,2017/04/26,32.72,"999,958","13,409"
00634R 富邦上証反1,2017/04/26,8.91,"65,756",419
00635U 元大S&P 黃金,2017/04/26,19.97,"86,014","3,456"
00636 國泰中國A50,2017/04/26,15.95,"263,446",564
00637L 元大滬深300 正2,2017/04/26,12.33,"2,245,606","33,534"
00638R 元大滬深300 反1,2017/04/26,17.94,"6,948",29
00639 富邦深100,2017/04/26,9.33,"476,903","1,952"
00640L 富邦日本正2,2017/04/26,18.33,"27,419","4,221"
00641R 富邦日本反1,2017/04/26,17.4,"37,258","2,746"
00642U 元大S&P 石油,2017/04/26,17.57,"191,321","4,573"
00643 群益深証中小,2017/04/26,13.42,"313,550",706
00643K 群益深証中小+R,2017/04/26,3.03,650,0
00645 富邦日本,2017/04/26,19.72,"35,497",54
00646 元大S&P500,2017/04/26,21.36,"153,985",19
00647L 元大S&P500正2,2017/04/26,25.21,"5,916",437
00648R 元大S&P500反1,2017/04/26,15.96,"197,188","1,679"
00649 復華恒生,2017/04/26,17.4,"23,272",123
00650L 復華恒生正2,2017/04/26,23.42,"5,838",839
00651R 復華恒生反1,2017/04/26,10.8,"20,192",101
00652 富邦印度,2017/04/26,21.51,"15,535",586
00653L 富邦印度正2,2017/04/26,24.75,"26,403","1,781"
00654R 富邦印度反1,2017/04/26,16.8,"10,466",317
00655L 國泰中國A50正2,2017/04/26,23.96,"58,958",840
00656R 國泰中國A50反1,2017/04/26,16.75,"8,357",905
00657 國泰日經225,2017/04/26,23.2,"12,113",10
00658L 國泰日本正2,2017/04/26,26.96,"3,845",897
00659R 國泰日本反1,2017/04/26,15.63,"13,080",353
00660 元大歐洲50,2017/04/26,24.78,"40,031",79
00661 元大日經225,2017/04/26,23.93,"4,425",1
00662 富邦NASDAQ,2017/04/26,23.09,"12,029",220
00663L 國泰臺灣加權正2,2017/04/26,26.22,"13,809","2,179"
00664R 國泰臺灣加權反1,2017/04/26,16.98,"146,075","1,433"
00665L 富邦 H股正2,2017/04/26,24.58,"46,965","2,337"
00666R 富邦 H股反1,2017/04/26,16.44,"9,124",664
00667 元大韓國,2017/04/26,20.49,"5,429",67
00668 國泰美國道瓊,2017/04/26,21.88,"10,558",143
00669R 國泰美國道瓊反1,2017/04/26,16.87,"47,617","1,069"
00670L 富邦NASDAQ正2,2017/04/26,21.7,"14,645","1,118"
00671R 富邦NASDAQ反1,2017/04/26,18.9,"20,384","1,394"
00672L 元大S&P原油正2,2017/04/26,15.57,"228,187","18,386"
00673R 元大S&P原油反1,2017/04/26,20.7,"28,703","1,652"
00674R 元大S&P黃金反1,2017/04/26,19.86,"6,603",50
00675L 富邦臺灣加權正2,2017/04/26,11.37,"26,786","3,510"
00676R 富邦臺灣加權反1,2017/04/26,9.19,"129,011","7,871"
00677U 富邦VIX,2017/04/26,11.8,"76,708","7,603"
00678 群益NBI生技,2017/04/26,19.7,"36,948",63
00679B 元大美債20年,2017/04/26,37.85,"560,192","1,274"
00680L 元大美債20正2,2017/04/26,19.51,"10,076",48
00681R 元大美債20反1,2017/04/26,19.58,"14,594",38
00682U 元大美元指數,2017/04/26,19.35,"9,644",56
00683L 元大美元指數正2,2017/04/26,18.83,"10,934",644
00684R 元大美元指數反1,2017/04/26,20.27,"10,188",100
00685L 群益臺灣加權正2,2017/04/26,9.96,"23,139","1,623"
00686R 群益臺灣加權反1,2017/04/26,9.96,"31,776","3,369"
00687B 國泰20年美債,2017/04/26,39.1,"14,787","1,934"
00688L 國泰20年美債正2,2017/04/26,19.77,"11,115",321
00689R 國泰20年美債反1,2017/04/26,19.87,"9,389",324
00690 兆豐藍籌30,2017/04/26,19.91,"22,830",731
00691R 兆豐藍籌30反1,2017/04/26,19.89,"10,106",16
00693U 華頓S&P黃豆,2017/04/26,19.93,"27,166","2,075"
008201 BP上證50,2017/04/26,80,"2,749",0
01001T 土銀富邦R1,2017/04/26,14.68,"583,000",26
01002T 土銀國泰R1,2017/04/26,15.02,"1,393,000",520
01003T 兆豐新光R1,2017/04/26,14.1,"1,130,000",128
01004T 土銀富邦R2,2017/04/26,12.96,"730,200",10
01007T 兆豐國泰R2,2017/04/26,14.45,"720,000",128
1101 台泥,2017/04/26,35.65,"3,692,175","9,700"
1102 亞泥,2017/04/26,30.55,"3,361,447","2,790"
1103 嘉泥,2017/04/26,11.1,"774,780","1,126"
1104 環泥,2017/04/26,26.05,"634,572",122
1108 幸福,2017/04/26,9.73,"404,738",60
1109 信大,2017/04/26,10.2,"378,900",29
1110 東泥,2017/04/26,16.35,"572,000",143
1201 味全,2017/04/26,18.05,"506,062",213
1203 味王,2017/04/26,23.95,"240,000",33
1210 大成,2017/04/26,29.2,"736,394","2,703"
1213 大飲,2017/04/26,17.5,"56,622",17
1215 卜蜂,2017/04/26,55.9,"267,990",839
1216 統一,2017/04/26,56.3,"5,682,015","7,174"
1217 愛之味,2017/04/26,7.59,"494,513",997
1218 泰山,2017/04/26,15.05,"353,336",278
1219 福壽,2017/04/26,16.35,"318,825","1,158"
1220 台榮,2017/04/26,10.9,"177,077",78
1225 福懋油,2017/04/26,49.8,"218,703",8
1227 佳格,2017/04/26,75.1,"879,893",805
1229 聯華,2017/04/26,27,"910,937","1,655"
1231 聯華食,2017/04/26,35.3,"153,000",238
1232 大統益,2017/04/26,92.6,"159,974",91
1233 天仁,2017/04/26,37,"90,591",6
1234 黑松,2017/04/26,32.85,"401,871",72
1235 興泰,2017/04/26,27.35,"60,662",21
1236 宏亞,2017/04/26,17.65,"108,342",24
1256 鮮活果汁-KY,2017/04/26,140,"27,165",24
1258 其祥-KY,2017/04/26,35.6,"36,399",22
12581 其祥一KY,2017/04/26,104.7,"1,582",8
1259 安心,2017/04/26,77.7,"32,389",5
1260 富味鄉,2017/04/26,28,"80,837",73
1262 綠悅-KY,2017/04/26,142.5,"148,500","9,120"
1264 德麥,2017/04/26,244,"30,632",62
1268 漢來美食,2017/04/26,168,"33,663",5
1269 乾杯,2017/04/26,92.01,"17,352",1
1301 台塑,2017/04/26,92,"6,365,740","10,615"
1303 南亞,2017/04/26,73.1,"7,930,821","12,865"
1304 台聚,2017/04/26,15.35,"1,142,602","1,261"
1305 華夏,2017/04/26,27.25,"477,669","3,616"
1307 三芳,2017/04/26,37.1,"397,818",62
1308 亞聚,2017/04/26,18.75,"503,023",534
1309 台達化,2017/04/26,9.44,"327,651",318
1310 台苯,2017/04/26,23.15,"527,869","2,397"
1312 國喬,2017/04/26,19.65,"906,620","5,716"
1312A 國喬特,2017/04/26,27,"20,000",2
1313 聯成,2017/04/26,13.1,"1,171,236","1,028"
1314 中石化,2017/04/26,11.5,"2,355,258","10,035"
1315 達新,2017/04/26,25.9,"198,000",4
1316 上曜,2017/04/26,23.9,"117,239",537
13162 上曜二,2017/04/26,153,"1,759",0
1319 東陽,2017/04/26,50.5,"591,477",974
1321 大洋,2017/04/26,25,"227,228",302
1323 永裕,2017/04/26,33.45,"91,274",62
1324 地球,2017/04/26,12.25,"75,121",71
1325 恒大,2017/04/26,21.25,"85,281",11
1326 台化,2017/04/26,92,"5,861,186","14,601"
1333 恩得利,2017/04/26,4.23,"61,515",74
1336 台翰,2017/04/26,12.05,"62,753",130
13361 台翰一,2017/04/26,103.45,"3,500",0
1337 再生-KY,2017/04/26,14.8,"265,368",814
1338 廣華-KY,2017/04/26,99.1,"83,840",318
1339 昭輝,2017/04/26,41.7,"74,138",228
1340 勝悅-KY,2017/04/26,50.2,"114,893",306
1402 遠東新,2017/04/26,25.75,"5,352,875","3,235"
1409 新纖,2017/04/26,9.19,"1,618,409",489
1410 南染,2017/04/26,25.05,"72,000",106
1413 宏洲,2017/04/26,6.04,"132,112",61
1414 東和,2017/04/26,6.16,"220,000",104
1416 廣豐,2017/04/26,27.95,"205,935",199
1417 嘉裕,2017/04/26,5.23,"379,883",378
1418 東華,2017/04/26,7.24,"131,927",108
1419 新紡,2017/04/26,41.9,"300,041",8
1423 利華,2017/04/26,6.77,"173,000",189
1432 大魯閣,2017/04/26,14.65,"171,437",121
14321 大魯閣一,2017/04/26,105,"2,184",0
14322 大魯閣二,2017/04/26,101.65,"1,319",19
1434 福懋,2017/04/26,31.5,"1,684,664","1,234"
1435 中福,2017/04/26,5.58,"139,780",111
1436 華友聯,2017/04/26,38.65,"75,900",20
1437 勤益控,2017/04/26,17.45,"196,989",48
1438 裕豐,2017/04/26,4.9,"102,411",35
1439 中和,2017/04/26,19.6,"92,000",212
1440 南紡,2017/04/26,14,"1,656,815",599
1441 大東,2017/04/26,9.73,"62,112",462
1442 名軒,2017/04/26,20.05,"268,925",69
14423 名軒三,2017/04/26,126,"7,914",0
1443 立益,2017/04/26,5.8,"135,343",184
1444 力麗,2017/04/26,8.45,"957,302",646
1445 大宇,2017/04/26,8.99,"138,667",28
1446 宏和,2017/04/26,24.5,"137,709",227
1447 力鵬,2017/04/26,8.04,"914,487","1,349"
1449 佳和,2017/04/26,5.19,"120,000",31
1451 年興,2017/04/26,26.75,"400,000",522
1452 宏益,2017/04/26,22.1,"132,641",972
1453 大將,2017/04/26,7.9,"89,674",18
1454 台富,2017/04/26,8.51,"140,309",63
1455 集盛,2017/04/26,9.44,"611,763","1,975"
1456 怡華,2017/04/26,11.3,"93,720",72
1457 宜進,2017/04/26,10.4,"301,647",346
1459 聯發,2017/04/26,7.8,"358,628",147
1460 宏遠,2017/04/26,16.55,"471,189",645
1463 強盛,2017/04/26,27.15,"173,268","1,476"
1464 得力,2017/04/26,28.2,"277,681",912
1465 偉全,2017/04/26,12.95,"103,607",137
1466 聚隆,2017/04/26,11.3,"111,157",25
14662 聚隆二,2017/04/26,104,527,0
14663 聚隆三,2017/04/26,101.7,"4,000",0
1467 南緯,2017/04/26,10.35,"210,262",159
1468 昶和,2017/04/26,10.2,"160,405",25
1469 理隆,2017/04/26,13.7,"124,600",12
1470 大統染,2017/04/26,19.25,"85,767",9
1471 首利,2017/04/26,5.07,"201,467",275
1472 三洋紡,2017/04/26,14.7,"76,373","1,234"
1473 台南,2017/04/26,26.35,"147,148",58
1474 弘裕,2017/04/26,11.2,"129,896",230
1475 本盟,2017/04/26,15,"52,516",92
1476 儒鴻,2017/04/26,317.5,"268,987","1,103"
1477 聚陽,2017/04/26,122,"207,089",314
14774 聚陽四,2017/04/26,196,"1,447",0
1503 士電,2017/04/26,40.6,"520,972",11
1504 東元,2017/04/26,30.25,"2,002,692","2,612"
1506 正道,2017/04/26,21.85,"122,255",344
15061 正道一,2017/04/26,110,"6,999",4
1507 永大,2017/04/26,50,"410,820",510
1512 瑞利,2017/04/26,7.5,"181,802","1,440"
1513 中興電,2017/04/26,19.3,"420,000",696
1514 亞力,2017/04/26,10.6,"201,067","1,491"
1515 力山,2017/04/26,21.3,"181,473","3,790"
1516 川飛,2017/04/26,18.35,"29,304",24
1517 利奇,2017/04/26,10.85,"227,825",442
1519 華城,2017/04/26,17.3,"261,058",198
1521 大億,2017/04/26,81.1,"76,230",59
1522 堤維西,2017/04/26,31.25,"312,897","1,003"
1524 耿鼎,2017/04/26,12,"179,685",520
1525 江申,2017/04/26,106,"73,400",42
1526 日馳,2017/04/26,17.7,"50,000",623
1527 鑽全,2017/04/26,90.1,"137,960",334
1528 恩德,2017/04/26,10.85,"180,000",400
1529 樂士,2017/04/26,3.61,"599,708",40
1530 亞崴,2017/04/26,31.85,"96,594",31
15302 亞崴二,2017/04/26,101.45,"4,000",0
1531 高林股,2017/04/26,17.9,"193,151",65
1532 勤美,2017/04/26,28.7,"385,252",736
1533 車王電,2017/04/26,41,"98,547",88
1535 中宇,2017/04/26,43.1,"123,742",38
1536 和大,2017/04/26,130.5,"254,956",806
1537 廣隆,2017/04/26,154.5,"81,785",108
1538 正峰新,2017/04/26,5.97,"83,135",94
1539 巨庭,2017/04/26,25,"65,370",91
1540 喬福,2017/04/26,15.05,"85,473",227
1541 錩泰,2017/04/26,59.5,"78,800",19
1558 伸興,2017/04/26,150,"60,552",75
1560 中砂,2017/04/26,69.2,"141,000","1,536"
1563 巧新,2017/04/26,177.05,"198,837",254
1565 精華,2017/04/26,578,"50,416",414
1566 捷邦,2017/04/26,17.2,"66,467",72
15661 捷邦一,2017/04/26,102,853,0
1568 倉佑,2017/04/26,36.6,"103,086","3,634"
1569 濱川,2017/04/26,37.7,"100,226","9,388"
15695 濱川五,2017/04/26,166,557,14
1570 力肯,2017/04/26,13.8,"51,500",86
1580 新麥,2017/04/26,139.5,"48,531",57
1582 信錦,2017/04/26,66.9,"158,524",368
15822 信錦二,2017/04/26,123.3,"3,328",0
1583 程泰,2017/04/26,62.8,"110,400",26
15831 程泰一,2017/04/26,102,"6,000",1
1584 精剛,2017/04/26,16.2,"82,470",877
1585 鎧鉅,2017/04/26,14.7,"53,950",48
1586 和勤,2017/04/26,28.65,"70,160",708
15861 和勤一,2017/04/26,115,"1,443",0
1587 吉茂,2017/04/26,33,"54,336",229
1589 永冠-KY,2017/04/26,87.8,"118,817",991
15891 永冠一KY,2017/04/26,102.55,"1,451",0
15892 永冠二KY,2017/04/26,99,"25,000",5
1590 亞德客-KY,2017/04/26,355,"179,024","1,497"
1591 駿吉-KY,2017/04/26,21.2,"30,149",75
1592 英瑞-KY,2017/04/26,49.9,"100,433",471
1593 祺驊,2017/04/26,43.85,"30,300",561
15931 祺驊一,2017/04/26,111.45,600,92
1594 日高,2017/04/26,8.36,"27,320",7
1595 川寶,2017/04/26,51.1,"40,621",69
15951 川寶一,2017/04/26,99.9,"2,400",0
1597 直得,2017/04/26,35.15,"62,045",472
1598 岱宇,2017/04/26,38.2,"92,950",49
1599 宏佳騰,2017/04/26,52.3,"51,727",94
1603 華電,2017/04/26,25.35,"191,688",50
1604 聲寶,2017/04/26,18.5,"499,000",277
1605 華新,2017/04/26,13.9,"3,396,000","4,164"
1608 華榮,2017/04/26,8.52,"632,773",79
1609 大亞,2017/04/26,6.18,"572,180",925
1611 中電,2017/04/26,7.77,"398,439",154
1612 宏泰,2017/04/26,9.46,"316,080",129
1614 三洋電,2017/04/26,25,"269,113",43
1615 大山,2017/04/26,11,"111,861",9
1616 億泰,2017/04/26,5.8,"194,148",155
1617 榮星,2017/04/26,8.82,"144,233",25
1618 合機,2017/04/26,8.18,"240,864",104
1626 艾美特-KY,2017/04/26,29.6,"122,843",424
1701 中化,2017/04/26,18.5,"298,081",102
1702 南僑,2017/04/26,60.3,"294,132",649
1704 榮化,2017/04/26,43.55,"856,009","2,041"
1707 葡萄王,2017/04/26,193,"135,214",611
17071 葡萄王一,2017/04/26,123.95,"1,732",0
1708 東鹼,2017/04/26,29,"191,855",377
1709 和益,2017/04/26,20.35,"459,133",927
17091 和益一,2017/04/26,152,"3,077",18
1710 東聯,2017/04/26,22.15,"885,703","1,322"
1711 永光,2017/04/26,19.8,"547,752",364
1712 興農,2017/04/26,15.7,"370,327",443
17121 興農一,2017/04/26,112.15,"6,757",0
1713 國化,2017/04/26,17.05,"150,951",134
1714 和桐,2017/04/26,8.93,"987,207","1,217"
1715 萬洲,2017/04/26,10.55,"408,851",49
171501 萬洲E1,2017/04/26,106.85,"2,000",0
17152 萬洲二,2017/04/26,99.6,104,0
17153 萬洲三,2017/04/26,101,"7,000",0
1717 長興,2017/04/26,32.3,"1,103,942",641
1718 中纖,2017/04/26,8.04,"1,429,493","2,554"
1720 生達,2017/04/26,32.9,"178,696",103
1721 三晃,2017/04/26,15.7,"222,347",299
1722 台肥,2017/04/26,41.1,"980,000",785
1723 中碳,2017/04/26,119.5,"236,904",150
1724 台硝,2017/04/26,16.8,"127,813",57
1725 元禎,2017/04/26,14.4,"181,829",16
1726 永記,2017/04/26,81.6,"162,000",8
1727 中華化,2017/04/26,13.7,"110,250",53
1729 必翔,2017/04/26,61.5,"184,424",69
1730 花仙子,2017/04/26,38.65,"56,981",62
17301 花仙子一,2017/04/26,117,"2,000",0
1731 美吾華,2017/04/26,14,"132,915",66
1732 毛寶,2017/04/26,12.45,"42,443",46
1733 五鼎,2017/04/26,39,"99,726",319
17332 五鼎二,2017/04/26,103.45,"3,447",3
1734 杏輝,2017/04/26,22.95,"167,722",110
1735 日勝化,2017/04/26,12.8,"99,388",33
1736 喬山,2017/04/26,42.7,"304,016",65
1737 臺鹽,2017/04/26,30.3,"200,000",121
1742 台蠟,2017/04/26,11.15,"72,240",122
1752 南光,2017/04/26,39.9,"100,988",221
1760 寶齡,2017/04/26,73.72,"61,944",28
1762 中化生,2017/04/26,26.05,"77,560",33
1773 勝一,2017/04/26,63.1,"150,000",95
1776 展宇,2017/04/26,22.4,"69,560",17
1777 生泰,2017/04/26,91.4,"30,059",14
1780 立弘,2017/04/26,18.1,"94,600",26
1781 合世,2017/04/26,16.4,"47,407",54
1783 和康生,2017/04/26,21.35,"70,847",87
1784 訊聯,2017/04/26,27.2,"49,688",17
1785 光洋科,2017/04/26,11.5,"405,532",612
1786 科妍,2017/04/26,46,"53,500",45
1787 福盈科,2017/04/26,25.1,"72,004",160
1788 杏昌,2017/04/26,96.7,"35,000",7
1789 神隆,2017/04/26,41.4,"760,326",317
1795 美時,2017/04/26,53,"238,491",170
1796 金穎生技,2017/04/26,86.88,"24,956",35
1799 易威,2017/04/26,22.45,"83,627",94
17991 易威一,2017/04/26,115,"1,080",0
1802 台玻,2017/04/26,15.5,"2,908,060",664
1805 寶徠,2017/04/26,12.7,"80,265","1,078"
1806 冠軍,2017/04/26,7.74,"437,335",239
1808 潤隆,2017/04/26,47.3,"243,355",375
18083 潤隆三,2017/04/26,207,"12,555",0
1809 中釉,2017/04/26,12.05,"167,041","1,530"
1810 和成,2017/04/26,9.14,"369,853",187
1813 寶利徠,2017/04/26,23.3,"46,635",11
1814 東光訊,2017/04/26,10.58,"39,959",0
1815 富喬,2017/04/26,15.35,"437,128","2,532"
18154 富喬四,2017/04/26,130,195,0
1817 凱撒衛,2017/04/26,38,"72,600",42
1818 願景,2017/04/26,8.97,"44,726",12
1819 豐鼎,2017/04/26,13.9,"26,104",0
1902 台紙,2017/04/26,13.25,"402,000",325
1903 士紙,2017/04/26,33.4,"260,039",10
1904 正隆,2017/04/26,15.05,"1,108,274","2,679"
1905 華紙,2017/04/26,10.25,"1,102,835",667
1906 寶隆,2017/04/26,23.95,"151,000",500
1907 永豐餘,2017/04/26,11.1,"1,660,371",860
1909 榮成,2017/04/26,27.9,"1,104,938","10,317"
19093 榮成三,2017/04/26,182,810,0
2002 中鋼,2017/04/26,24.9,"15,734,860","18,350"
2002A 中鋼特,2017/04/26,42.6,"38,267",12
2006 東和鋼鐵,2017/04/26,24.3,"998,221","1,196"
20066 東和鋼鐵六,2017/04/26,106.5,"1,326",31
2007 燁興,2017/04/26,4.83,"630,651",55
2008 高興昌,2017/04/26,10.7,"223,152",17
2009 第一銅,2017/04/26,9.3,"359,622",530
2010 春源,2017/04/26,12,"647,655",147
2012 春雨,2017/04/26,13.75,"287,774",72
2013 中鋼構,2017/04/26,21.2,"200,000",81
2014 中鴻,2017/04/26,9.2,"1,435,544","4,679"
2015 豐興,2017/04/26,50.9,"581,599",175
2017 官田鋼,2017/04/26,9.7,"327,145",215
2020 美亞,2017/04/26,13.4,"236,526",30
2022 聚亨,2017/04/26,5.35,"547,091",425
2023 燁輝,2017/04/26,12.8,"1,718,090","4,389"
2024 志聯,2017/04/26,9.14,"97,500",343
2025 千興,2017/04/26,3.2,"322,834",212
2027 大成鋼,2017/04/26,16.75,"831,141",193
2028 威致,2017/04/26,7.15,"325,714",265
2029 盛餘,2017/04/26,34.35,"321,180",597
2030 彰源,2017/04/26,11.25,"286,526","1,090"
2031 新光鋼,2017/04/26,22.95,"306,193","4,315"
2032 新鋼,2017/04/26,10.1,"130,521",82
2033 佳大,2017/04/26,9.32,"80,694",11
2034 允強,2017/04/26,24.05,"407,130","1,406"
2035 唐榮,2017/04/26,49.4,"350,000",0
2038 海光,2017/04/26,8.06,"172,632",177
2049 上銀,2017/04/26,192,"274,664","3,612"
2059 川湖,2017/04/26,462.5,"95,297",361
2061 風青,2017/04/26,9.18,"62,075",125
2062 橋椿,2017/04/26,46.2,"163,720","1,958"
2063 世鎧,2017/04/26,28.55,"45,000",7
2064 晉椿,2017/04/26,19.45,"70,000",16
2065 世豐,2017/04/26,37.4,"32,679",227
2066 世德,2017/04/26,103,"36,502",30
2067 嘉鋼,2017/04/26,12.5,"36,866",7
2069 運錩,2017/04/26,26.9,"132,917",296
20691 運錩一,2017/04/26,151,"1,937",0
20692 運錩二,2017/04/26,177,204,0
2070 精湛,2017/04/26,66.8,"29,348",4
2101 南港,2017/04/26,28.9,"833,934",457
2102 泰豐,2017/04/26,13.85,"473,329",808
2103 台橡,2017/04/26,33.8,"825,709",697
2104 中橡,2017/04/26,30.65,"598,654",862
2105 正新,2017/04/26,62.1,"3,241,415","3,150"
2106 建大,2017/04/26,48.7,"874,430",272
2107 厚生,2017/04/26,17.05,"422,222",359
2108 南帝,2017/04/26,23.55,"446,636",389
2109 華豐,2017/04/26,10.95,"332,349",245
2114 鑫永銓,2017/04/26,71.9,"67,525",59
2115 六暉-KY,2017/04/26,55.4,"74,494",97
21151 六暉一KY,2017/04/26,107,"4,000",11
2201 裕隆,2017/04/26,27.3,"1,572,919",936
2204 中華,2017/04/26,27.4,"1,384,050","1,144"
2206 三陽工業,2017/04/26,21.45,"880,044",954
2207 和泰車,2017/04/26,349,"546,179",245
2208 台船,2017/04/26,13.9,"743,565",435
2221 大甲,2017/04/26,23.85,"42,425",182
2227 裕日車,2017/04/26,228.5,"300,000",138
2228 劍麟,2017/04/26,160,"75,758",188
22281 劍麟一,2017/04/26,120,28,0
2230 泰茂,2017/04/26,13.3,"39,617",20
22301 泰茂一,2017/04/26,103.55,750,0
22302 泰茂二,2017/04/26,104.05,750,0
22303 泰茂三,2017/04/26,100,500,7
2231 為升,2017/04/26,326,"91,985","2,372"
22312 為升二,2017/04/26,116,"7,000",36
2233 宇隆,2017/04/26,104,"49,214",477
2235 謚源,2017/04/26,126.5,"31,878",2
2236 百達-KY,2017/04/26,64.5,"37,562",247
22361 百達一KY,2017/04/26,114,"2,500",0
2237 華德動,2017/04/26,12.22,"40,000",47
2239 英利-KY,2017/04/26,155,"110,000",118
22391 英利一KY,2017/04/26,105.65,"11,000",75
2241 艾姆勒,2017/04/26,41.67,"60,694",447
2245 詠勝昌,2017/04/26,64.19,"13,500",87
2301 光寶科,2017/04/26,53.2,"2,350,867","5,355"
2302 麗正,2017/04/26,6.07,"166,302",277
2303 聯電,2017/04/26,12.1,"12,624,318","23,540"
2305 全友,2017/04/26,7.5,"205,660",123
2308 台達電,2017/04/26,173,"2,597,543","7,154"
2311 日月光,2017/04/26,38.25,"8,277,476","9,261"
2312 金寶,2017/04/26,11.5,"1,455,657","1,144"
2313 華通,2017/04/26,21.8,"1,191,820","21,376"
2314 台揚,2017/04/26,29.4,"215,168","4,479"
23142 台揚二,2017/04/26,116.5,"3,498",17
2316 楠梓電,2017/04/26,18.4,"281,004",898
2317 鴻海,2017/04/26,98.2,"17,328,738","39,698"
2321 東訊,2017/04/26,2.98,"297,331",107
2323 中環,2017/04/26,3.75,"1,877,871","1,874"
2324 仁寶,2017/04/26,20.4,"4,422,464","10,847"
2325 矽品,2017/04/26,49.5,"3,116,361","2,116"
2327 國巨,2017/04/26,102.5,"503,600","4,701"
2328 廣宇,2017/04/26,28.3,"518,346","10,260"
2329 華泰,2017/04/26,9.96,"806,015",583
2330 台積電,2017/04/26,191,"25,930,380","31,119"
2331 精英,2017/04/26,20,"557,402","1,320"
2332 友訊,2017/04/26,12.65,"651,996","9,041"
233201 友訊E1,2017/04/26,104.75,"11,922",490
2337 旺宏,2017/04/26,13.5,"3,671,002","18,615"
2338 光罩,2017/04/26,16.15,"252,713","5,790"
2340 光磊,2017/04/26,17.9,"546,918","8,229"
2342 茂矽,2017/04/26,4.01,"372,254",378
2344 華邦電,2017/04/26,17.4,"3,580,000","115,924"
2345 智邦,2017/04/26,69.3,"546,585","7,688"
2347 聯強,2017/04/26,33,"1,667,946","2,503"
2348 海悅,2017/04/26,17.4,"85,600",4
2349 錸德,2017/04/26,5.12,"1,766,792","3,369"
2351 順德,2017/04/26,45.6,"182,140",874
2352 佳世達,2017/04/26,19,"1,966,781","10,443"
2353 宏碁,2017/04/26,14.45,"3,080,732","7,486"
2354 鴻準,2017/04/26,89.9,"1,414,485","6,930"
2355 敬鵬,2017/04/26,60.4,"397,495",702
2356 英業達,2017/04/26,22.3,"3,587,475","10,367"
2357 華碩,2017/04/26,300,"742,760","1,622"
2358 廷鑫,2017/04/26,14.8,"49,616",92
2359 所羅門,2017/04/26,17.9,"171,471","1,715"
2360 致茂,2017/04/26,93.9,"405,090","2,336"
23602 致茂二,2017/04/26,135.8,"4,453",310
2362 藍天,2017/04/26,27.7,"683,163",331
2363 矽統,2017/04/26,6.8,"560,062",539
2364 倫飛,2017/04/26,2.65,"143,931",43
2365 昆盈,2017/04/26,9.13,"277,038",210
2367 燿華,2017/04/26,11.2,"540,028","3,859"
23671 燿華一,2017/04/26,114,"5,000",11
23672 燿華二,2017/04/26,115,"1,999",4
2368 金像電,2017/04/26,11,"552,246","1,343"
2369 菱生,2017/04/26,14.25,"380,102","7,931"
2371 大同,2017/04/26,11.4,"2,339,536","23,575"
2373 震旦行,2017/04/26,57.7,"337,432",215
2374 佳能,2017/04/26,19.95,"282,458","1,175"
2375 智寶,2017/04/26,24.7,"91,518","1,528"
2376 技嘉,2017/04/26,39.95,"629,117","2,636"
2377 微星,2017/04/26,60.9,"844,856","5,625"
2379 瑞昱,2017/04/26,100.5,"504,951","4,304"
2380 虹光,2017/04/26,7.1,"208,220",393
2382 廣達,2017/04/26,62.1,"3,862,627","8,517"
2383 台光電,2017/04/26,113,"318,987","5,197"
2385 群光,2017/04/26,78,"717,033","1,019"
2387 精元,2017/04/26,19.25,"263,210",365
2388 威盛,2017/04/26,10.75,"493,303",393
2390 云辰,2017/04/26,13.7,"215,303",477
2392 正崴,2017/04/26,39.2,"512,326","1,005"
2393 億光,2017/04/26,47.45,"440,658","1,354"
23935 億光五,2017/04/26,101.75,"30,483",97
23936 億光六,2017/04/26,99.65,"46,066",144
2395 研華,2017/04/26,243,"633,254","1,098"
2397 友通,2017/04/26,55,"114,839",243
2399 映泰,2017/04/26,12.15,"178,100","11,371"
2401 凌陽,2017/04/26,11.95,"591,994","1,282"
2402 毅嘉,2017/04/26,21.15,"337,785","2,850"
24022 毅嘉二,2017/04/26,100.1,"20,000",20
2404 漢唐,2017/04/26,65.1,"238,233","1,382"
2405 浩鑫,2017/04/26,8.41,"345,427","1,858"
2406 國碩,2017/04/26,21,"338,924","1,733"
240602 國碩E2,2017/04/26,118,996,0
24063 國碩三,2017/04/26,109.5,"1,931",0
2408 南亞科,2017/04/26,48.15,"2,748,565","17,067"
2409 友達,2017/04/26,12.7,"9,624,245","61,189"
2412 中華電,2017/04/26,103,"7,757,446","10,065"
2413 環科,2017/04/26,11.5,"127,359",145
2414 精技,2017/04/26,18.2,"161,735",73
2415 錩新,2017/04/26,33.65,"91,077","1,386"
2417 圓剛,2017/04/26,10.45,"192,892",297
2419 仲琦,2017/04/26,22.05,"228,368","2,980"
24194 仲琦四,2017/04/26,115,"4,582",60
2420 新巨,2017/04/26,37.85,"152,648",258
2421 建準,2017/04/26,32,"250,929","2,729"
2423 固緯,2017/04/26,21.15,"145,047",135
2424 隴華,2017/04/26,31.1,"30,000",0
2425 承啟,2017/04/26,18.1,"109,248",177
2426 鼎元,2017/04/26,14.15,"293,658","13,793"
24268 鼎元八,2017/04/26,121.95,773,13
2427 三商電,2017/04/26,8.1,"187,314",104
2428 興勤,2017/04/26,65.8,"128,112",466
2429 銘旺科,2017/04/26,12.5,"36,800",2
2430 燦坤,2017/04/26,29.2,"167,463",392
2431 聯昌,2017/04/26,14.8,"110,927",422
2433 互盛電,2017/04/26,40.5,"144,496",65
2434 統懋,2017/04/26,5.58,"110,677",29
2436 偉詮電,2017/04/26,27.6,"222,600","6,406"
2437 旺詮,2017/04/26,59,"69,195",354
24371 旺詮一,2017/04/26,124.3,"6,391",33
2438 翔耀,2017/04/26,8.98,"95,215",14
2439 美律,2017/04/26,166.5,"193,823","6,834"
24391 美律一,2017/04/26,149.6,"6,955",470
2440 太空梭,2017/04/26,9.87,"139,117",18
2441 超豐,2017/04/26,41.95,"568,845",610
2442 新美齊,2017/04/26,6.71,"239,850",346
2443 新利虹,2017/04/26,6.19,"145,687",32
2444 友旺,2017/04/26,15.7,"85,437","1,155"
24442 友旺二,2017/04/26,110,"3,000",0
2448 晶電,2017/04/26,29.85,"1,091,549","28,518"
2449 京元電子,2017/04/26,27.15,"1,171,173","23,102"
2450 神腦,2017/04/26,52.4,"258,252",64
2451 創見,2017/04/26,104,"430,761","2,092"
2453 凌群,2017/04/26,12.55,"100,000",244
2454 聯發科,2017/04/26,213.5,"1,582,111","5,797"
2455 全新,2017/04/26,55.8,"184,905","1,194"
2456 奇力新,2017/04/26,80.5,"133,898","2,936"
24564 奇力新四,2017/04/26,119,"8,117",102
2457 飛宏,2017/04/26,15.55,"337,688","19,860"
24571 飛宏一,2017/04/26,99.7,"10,849",18
2458 義隆,2017/04/26,40.95,"434,114","11,323"
2459 敦吉,2017/04/26,41.9,"107,300",151
2460 建通,2017/04/26,12.9,"169,200",716
2461 光群雷,2017/04/26,15.7,"133,882",518
24614 光群雷四,2017/04/26,107,"2,950",0
24615 光群雷五,2017/04/26,105,"1,828",0
2462 良得電,2017/04/26,22,"142,484",38
2464 盟立,2017/04/26,40.6,"191,697",894
2465 麗臺,2017/04/26,5.72,"107,174",112
2466 冠西電,2017/04/26,38.7,"156,307",105
24662 冠西電二,2017/04/26,110.5,"2,000",0
2467 志聖,2017/04/26,19.65,"158,744",251
2468 華經,2017/04/26,11.45,"69,961",15
2471 資通,2017/04/26,16.65,"47,253",119
2472 立隆電,2017/04/26,42.75,"131,194","1,424"
2474 可成,2017/04/26,310.5,"770,391","7,706"
2475 華映,2017/04/26,1.38,"6,479,454","2,134"
2476 鉅祥,2017/04/26,25.65,"182,376",85
2477 美隆電,2017/04/26,19.8,"238,815",721
2478 大毅,2017/04/26,22.9,"187,859",463
24781 大毅一,2017/04/26,116,762,0
2480 敦陽科,2017/04/26,30.8,"132,950",144
2481 強茂,2017/04/26,17.1,"369,794",767
2482 連宇,2017/04/26,13.55,"62,072",72
2483 百容,2017/04/26,18.95,"110,618",145
2484 希華,2017/04/26,21.5,"159,421","9,609"
2485 兆赫,2017/04/26,32.05,"317,689","2,267"
2486 一詮,2017/04/26,9.15,"205,254",106
2488 漢平,2017/04/26,46.2,"79,999","3,916"
2489 瑞軒,2017/04/26,21.7,"834,362","1,907"
2491 吉祥全,2017/04/26,6.99,"76,008",18
2492 華新科,2017/04/26,58.6,"518,000","6,086"
2493 揚博,2017/04/26,28.15,"114,437",221
2495 普安,2017/04/26,16.6,"279,815",401
2496 卓越,2017/04/26,275,"15,760",113
2497 怡利電,2017/04/26,34.8,"118,798",320
2498 宏達電,2017/04/26,71.6,"821,904","3,573"
2499 東貝,2017/04/26,13.15,"373,512","3,065"
2501 國建,2017/04/26,20.6,"1,159,561",922
2504 國產,2017/04/26,8.17,"1,428,000",902
2504R 國產甲,2017/04/26,33.3,0,0
2505 國揚,2017/04/26,13.85,"576,582","1,324"
2506 太設,2017/04/26,11.1,"387,000",87
2509 全坤建,2017/04/26,18.2,"151,752",62
2511 太子,2017/04/26,11.95,"1,623,326","1,023"
2514 龍邦,2017/04/26,16.9,"499,053",250
2515 中工,2017/04/26,6.23,"1,530,899","2,027"
25152 中工二,2017/04/26,100.3,329,0
2516 新建,2017/04/26,7.12,"226,278",241
2520 冠德,2017/04/26,19.5,"503,791","3,996"
2524 京城,2017/04/26,23.95,"384,004",73
2527 宏璟,2017/04/26,21,"270,306",246
2528 皇普,2017/04/26,8.75,"127,401",15
2530 華建,2017/04/26,14.45,"270,752",484
2534 宏盛,2017/04/26,19.45,"589,091",333
2535 達欣工,2017/04/26,19.4,"231,407",514
25352 達欣工二,2017/04/26,101,"1,766",0
25353 達欣工三,2017/04/26,98,214,0
25354 達欣工四,2017/04/26,102,"7,302",94
2536 宏普,2017/04/26,23.8,"332,808",170
2537 聯上發,2017/04/26,9.44,"288,997",633
2538 基泰,2017/04/26,10.8,"438,448","1,033"
25383 基泰三,2017/04/26,104.5,"9,860",0
2539 櫻花建,2017/04/26,27.7,"343,638",24
2540 愛山林,2017/04/26,24.25,"146,600",1
2542 興富發,2017/04/26,50.4,"1,166,626","3,373"
2543 皇昌,2017/04/26,9.15,"241,983",2
2545 皇翔,2017/04/26,43.85,"327,734",458
2546 根基,2017/04/26,18.95,"106,035",97
2547 日勝生,2017/04/26,15.35,"894,419","6,448"
2548 華固,2017/04/26,69.5,"276,812",996
2596 綠意,2017/04/26,19.3,"97,381",339
25962 綠意二,2017/04/26,101.95,"1,202",0
2597 潤弘,2017/04/26,44.2,"135,000",45
2599 樂揚,2017/04/26,15,"99,906",7
2601 益航,2017/04/26,7.81,"630,883",958
2603 長榮,2017/04/26,13.7,"3,512,355","5,426"
2605 新興,2017/04/26,21.2,"568,304",696
2606 裕民,2017/04/26,29.95,"845,055",867
2607 榮運,2017/04/26,13.85,"1,067,141",559
2608 大榮,2017/04/26,41.4,"467,000",38
2609 陽明,2017/04/26,6.15,"3,165,770",0
26094 陽明四,2017/04/26,98.7,"1,492",0
2610 華航,2017/04/26,9.4,"5,470,890","7,787"
26105 華航五,2017/04/26,101.85,"16,970",0
2611 志信,2017/04/26,6.93,"177,994",34
2612 中航,2017/04/26,28.8,"197,484",85
2613 中櫃,2017/04/26,13.45,"121,003",48
26131 中櫃一,2017/04/26,107,"1,500",0
26132 中櫃二,2017/04/26,103,"1,500",0
2614 東森,2017/04/26,9.91,"695,987","3,123"
2615 萬海,2017/04/26,16.8,"2,218,297",821
2616 山隆,2017/04/26,32.75,"127,242",297
26163 山隆三,2017/04/26,154,"1,989",8
2617 台航,2017/04/26,12.7,"417,294",161
2618 長榮航,2017/04/26,15,"4,051,892","4,121"
2630 亞航,2017/04/26,33.2,"107,829",8
2633 台灣高鐵,2017/04/26,22.95,"5,628,293","4,970"
2634 漢翔,2017/04/26,37.05,"908,261","3,320"
2636 台驊投控,2017/04/26,21.45,"118,565",991
26363 台驊三,2017/04/26,102.2,"2,995",0
2637 慧洋-KY,2017/04/26,32.8,"556,864",519
2640 大車隊,2017/04/26,47.5,"46,435",34
2641 正德,2017/04/26,7.31,"185,011","1,763"
26411 正德一,2017/04/26,103.05,"2,381",0
26412 正德二,2017/04/26,104,378,0
2642 宅配通,2017/04/26,23.6,"95,467",46
2643 捷迅,2017/04/26,43,"26,230",50
2701 萬企,2017/04/26,14,"417,884",24
2702 華園,2017/04/26,16.15,"98,366",17
2704 國賓,2017/04/26,23.5,"366,923",50
2705 六福,2017/04/26,8.05,"339,157",120
2706 第一店,2017/04/26,17.2,"450,483",58
2707 晶華,2017/04/26,156.5,"126,745",184
27071 晶華一,2017/04/26,98.2,679,0
27072 晶華二,2017/04/26,100.55,"15,000",0
2712 遠雄來,2017/04/26,25.7,"105,000",6
2718 晶悅,2017/04/26,26.4,"22,576",0
2719 燦星旅,2017/04/26,11.8,"36,292",14
2720 和昇,2017/04/26,13.06,"52,000",101
2721 楷捷-KY,2017/04/26,10.7,"104,550",44
2722 夏都,2017/04/26,39,"102,127",4
2723 美食-KY,2017/04/26,306,"148,176",302
2724 富驛-KY,2017/04/26,5.1,"68,172",1
2726 雅茗-KY,2017/04/26,80,"30,425",563
27261 雅茗一KY,2017/04/26,176,"1,848",23
2727 王品,2017/04/26,146,"76,987",246
2729 瓦城,2017/04/26,228,"23,266",34
2730 美麗信,2017/04/26,7.67,"37,625",5
2731 雄獅,2017/04/26,89.6,"70,000",57
2732 六角,2017/04/26,81.2,"33,444",25
27321 六角一,2017/04/26,137,"2,124",0
2733 維格,2017/04/26,45.6,"24,096",71
2734 易飛網,2017/04/26,14.2,"30,259",4
27341 易飛網一,2017/04/26,102,"3,000",0
2736 高野,2017/04/26,19.8,"48,992",38
2738 MHG-KY,2017/04/26,19.5,"67,179",0
2739 寒舍,2017/04/26,35.7,"111,526",66
2740 天蔥,2017/04/26,26,"15,978",23
2741 老四川,2017/04/26,70,"18,559",0
2743 山富,2017/04/26,13.99,"28,025",8
2745 五福,2017/04/26,29.73,"25,435",2
2748 雲品,2017/04/26,56.7,"65,637",43
2749 欣恆美,2017/04/26,31.35,"20,800",254
2801 彰銀,2017/04/26,17.6,"8,964,762","8,756"
2809 京城銀,2017/04/26,29.2,"1,151,234",599
2812 台中銀,2017/04/26,9.9,"3,238,130","6,131"
2816 旺旺保,2017/04/26,13.9,"212,960",127
2820 華票,2017/04/26,14.8,"1,342,960","8,171"
2823 中壽,2017/04/26,28.75,"3,473,760","9,858"
2832 台產,2017/04/26,19.05,"362,200",84
2834 臺企銀,2017/04/26,8.35,"5,968,894","4,450"
2836 高雄銀,2017/04/26,9.65,"1,003,223",712
2838 聯邦銀,2017/04/26,9.11,"2,605,152",201
2841 台開,2017/04/26,11.55,"760,784","3,500"
28411 台開一,2017/04/26,113,"1,999",0
2845 遠東銀,2017/04/26,9.5,"3,111,367","1,059"
2849 安泰銀,2017/04/26,13.2,"1,679,677",74
2850 新產,2017/04/26,25.55,"315,963",118
2851 中再保,2017/04/26,14.4,"562,275",5
2852 第一保,2017/04/26,13.2,"301,163",51
2855 統一證,2017/04/26,13.5,"1,335,665",818
2856 元富證,2017/04/26,8.48,"1,599,609",702
2867 三商壽,2017/04/26,15.45,"1,667,087","1,328"
2880 華南金,2017/04/26,16.8,"10,520,495","13,762"
2881 富邦金,2017/04/26,47,"10,233,603","38,542"
2881A 富邦特,2017/04/26,63,"600,000",124
2882 國泰金,2017/04/26,48.6,"12,563,210","14,476"
2882A 國泰特,2017/04/26,61.5,"833,300",143
2883 開發金,2017/04/26,8.32,"14,975,742","33,005"
2884 玉山金,2017/04/26,18.45,"9,465,400","20,692"
2885 元大金,2017/04/26,12.95,"11,998,647","21,699"
2886 兆豐金,2017/04/26,24.55,"13,599,823","22,953"
288602 兆豐金E2,2017/04/26,101.85,"58,000",5
2887 台新金,2017/04/26,12.5,"9,570,327","15,330"
2887E 台新戊特,2017/04/26,52,"500,000",745
2888 新光金,2017/04/26,8.15,"10,228,144","17,661"
28884 新光金三,2017/04/26,101.3,"50,000",23
2889 國票金,2017/04/26,9.28,"2,746,074","3,307"
2890 永豐金,2017/04/26,9.29,"10,676,379","17,653"
2891 中信金,2017/04/26,18.8,"19,496,989","50,932"
2892 第一金,2017/04/26,18.75,"11,976,856","23,522"
2897 王道銀行,2017/04/26,9.21,"2,390,506","1,338"
2901 欣欣,2017/04/26,24,"73,043",4
2903 遠百,2017/04/26,16.1,"1,416,940",795
2904 匯僑,2017/04/26,23.4,"69,034",23
2905 三商,2017/04/26,23.7,"715,394",346
2906 高林,2017/04/26,11.8,"211,981",49
2908 特力,2017/04/26,19.95,"509,887",419
2910 統領,2017/04/26,28.55,"208,725",2
2911 麗嬰房,2017/04/26,10.8,"204,324",153
2912 統一超,2017/04/26,268.5,"1,039,622","2,141"
2913 農林,2017/04/26,16.5,"770,000","1,176"
2915 潤泰全,2017/04/26,49.6,"941,434","10,476"
2916 滿心,2017/04/26,16.05,"54,626",10
2923 鼎固-KY,2017/04/26,20.8,"1,740,296",66
2924 東凌-KY,2017/04/26,54.6,"34,005",1
29242 東凌二KY,2017/04/26,101.35,"1,500",0
29243 東凌三KY,2017/04/26,100.2,"1,000",0
2926 誠品生活,2017/04/26,145.5,"47,389",50
2928 紅馬-KY,2017/04/26,132,"47,301",270
2929 淘帝-KY,2017/04/26,100,"70,276",244
2936 客思達-KY,2017/04/26,44.9,"76,555",83
2937 集雅社,2017/04/26,33,"30,000",15
2938 床的世界,2017/04/26,46.6,"19,000",0
3002 歐格,2017/04/26,11.95,"102,000",167
3003 健和興,2017/04/26,46.75,"155,654","1,093"
3004 豐達科,2017/04/26,49,"52,647",21
3005 神基,2017/04/26,39,"570,194","2,133"
3006 晶豪科,2017/04/26,42.9,"283,266","16,263"
3008 大立光,2017/04/26,"5,000.00","134,140",509
3010 華立,2017/04/26,49.4,"231,390",70
30102 華立二,2017/04/26,102.9,"10,000",78
3011 今皓,2017/04/26,8.41,"112,719",227
3013 晟銘電,2017/04/26,21.75,"169,935","2,406"
3014 聯陽,2017/04/26,35.05,"157,874",753
3015 全漢,2017/04/26,24,"192,261",122
3016 嘉晶,2017/04/26,23.05,"244,401","3,739"
3017 奇鋐,2017/04/26,24.95,"353,310","1,362"
3018 同開,2017/04/26,37.8,"62,454","4,358"
30181 同開一,2017/04/26,199,415,48
30182 同開二,2017/04/26,156,2,0
3019 亞光,2017/04/26,56.5,"281,083","20,662"
3021 鴻名,2017/04/26,13.2,"95,813",269
3022 威強電,2017/04/26,45.7,"328,314",472
3023 信邦,2017/04/26,74.4,"225,416",414
3024 憶聲,2017/04/26,10.3,"277,157","1,544"
3025 星通,2017/04/26,12.95,"70,920",928
3026 禾伸堂,2017/04/26,42.45,"224,215","5,369"
3027 盛達,2017/04/26,12.6,"97,634",102
3028 增你強,2017/04/26,18.5,"213,824",159
3029 零壹,2017/04/26,18.3,"122,241",309
30292 零壹二,2017/04/26,118,134,0
3030 德律,2017/04/26,40.4,"236,216",205
3031 佰鴻,2017/04/26,17.1,"186,674","3,987"
3032 偉訓,2017/04/26,41.3,"113,285",578
3033 威健,2017/04/26,17.4,"323,009",218
30334 威健四,2017/04/26,105,"2,000",5
3034 聯詠,2017/04/26,116,"608,511","2,505"
3035 智原,2017/04/26,37.7,"248,550","4,826"
3036 文曄,2017/04/26,43.95,"475,702","1,185"
30365 文曄五,2017/04/26,126.5,"12,954",2
3037 欣興,2017/04/26,17.9,"1,528,035","11,121"
3038 全台,2017/04/26,10.4,"189,407",622
3040 遠見,2017/04/26,43.25,"63,000",542
3041 揚智,2017/04/26,15.3,"302,591",377
3042 晶技,2017/04/26,44.9,"309,757","4,355"
3043 科風,2017/04/26,3.31,"194,878",313
3044 健鼎,2017/04/26,83.5,"525,605","1,095"
3045 台灣大,2017/04/26,112,"3,420,832","4,842"
30453 台灣大三,2017/04/26,101.8,"100,000",195
3046 建碁,2017/04/26,4.33,"116,493",26
3047 訊舟,2017/04/26,10.65,"199,935",617
30476 訊舟六,2017/04/26,111.5,"3,055",0
3048 益登,2017/04/26,15.7,"222,572",168
30481 益登一,2017/04/26,100.3,"1,113",0
3049 和鑫,2017/04/26,10.95,"736,948","10,557"
3050 鈺德,2017/04/26,10.15,"152,067",346
3051 力特,2017/04/26,4.18,"325,332",535
3052 夆典,2017/04/26,8.58,"233,004",164
3054 立萬利,2017/04/26,21.85,"121,075",840
3055 蔚華科,2017/04/26,15.85,"103,511",73
3056 總太,2017/04/26,20.15,"230,484",703
3057 喬鼎,2017/04/26,13.95,"162,305",368
3058 立德,2017/04/26,10.65,"171,519",144
3059 華晶科,2017/04/26,26.4,"273,908","10,162"
3060 銘異,2017/04/26,31.35,"174,201",829
3062 建漢,2017/04/26,19.6,"328,845",685
3064 泰偉,2017/04/26,25.85,"72,105",768
3066 李洲,2017/04/26,9.38,"83,070",311
3067 全域,2017/04/26,12.7,"29,025",0
3068 美磊,2017/04/26,73,"85,008","3,439"
3071 協禧,2017/04/26,13.6,"146,067",782
3073 普格,2017/04/26,10.2,"46,463",23
3078 僑威,2017/04/26,30.6,"227,391","1,766"
3081 聯亞,2017/04/26,266,"90,607","1,928"
3083 網龍,2017/04/26,37.25,"85,704",65
3085 久大,2017/04/26,25,"102,081",108
3086 華義,2017/04/26,9.2,"31,166",9
30861 華義一,2017/04/26,100.5,"1,008",0
3088 艾訊,2017/04/26,57.8,"79,031",334
30881 艾訊一,2017/04/26,110.2,"4,200",17
3089 遠昇,2017/04/26,13,"93,890",6
3090 日電貿,2017/04/26,27.85,"166,969",384
3092 鴻碩,2017/04/26,50,"63,471","2,152"
3093 港建,2017/04/26,33.1,"36,288",0
3094 聯傑,2017/04/26,22.9,"83,255",285
3095 及成,2017/04/26,2.81,"109,276",0
3097 拍檔,2017/04/26,38.03,"75,085",70
3105 穩懋,2017/04/26,128.5,"402,666","3,487"
3114 好德,2017/04/26,11.85,"50,013",160
3115 寶島極,2017/04/26,12.05,"43,697",3
3117 年程,2017/04/26,7.38,"34,885",2
3118 進階,2017/04/26,31.95,"32,452",15
3122 笙泉,2017/04/26,16.15,"39,299",115
3128 昇銳,2017/04/26,11.75,"42,000",99
3130 一零四,2017/04/26,144.5,"33,225",3
3131 弘塑,2017/04/26,176,"24,683",76
3138 耀登,2017/04/26,13.95,"40,823",5
3141 晶宏,2017/04/26,32.1,"63,175",292
3144 新揚科,2017/04/26,23.95,"100,637","4,605"
3147 大綜,2017/04/26,16.85,"30,005",0
3149 正達,2017/04/26,17.6,"169,641",282
31491 正達一,2017/04/26,100.45,"4,800",0
31492 正達二,2017/04/26,99.25,"5,000",5
3150 鈺寶,2017/04/26,4.75,"37,582",88
3152 璟德,2017/04/26,325.5,"69,016",584
3162 精確,2017/04/26,6.6,"56,531",126
3163 波若威,2017/04/26,52.9,"74,426",861
31631 波若威一,2017/04/26,171,323,0
3164 景岳,2017/04/26,22.9,"88,911",412
3167 大量,2017/04/26,32.65,"79,978",139
3168 眾福科,2017/04/26,8.33,"49,399",90
3169 亞信,2017/04/26,24.5,"53,090",281
3171 新洲,2017/04/26,16.8,"59,203",49
31711 新洲一,2017/04/26,103.5,"2,000",0
3176 基亞,2017/04/26,56,"138,685",315
3178 公準,2017/04/26,91,"39,750",99
3184 微邦,2017/04/26,18.94,"62,044",7
3188 鑫龍騰,2017/04/26,22.65,"106,295",460
3189 景碩,2017/04/26,77.5,"446,000","4,055"
3191 和進,2017/04/26,17.2,"57,194",777
3202 樺晟,2017/04/26,13.15,"96,687","1,963"
32023 樺晟三,2017/04/26,111,"3,000",0
3205 佰研,2017/04/26,102,"32,772",185
3206 志豐,2017/04/26,21.8,"44,924",142
3207 耀勝,2017/04/26,10.55,"38,259",17
3209 全科,2017/04/26,25.65,"138,526",97
3211 順達,2017/04/26,40.5,"151,968",152
3213 茂訊,2017/04/26,49.8,"58,685",337
3217 優群,2017/04/26,25.7,"82,104",460
3218 大學光,2017/04/26,28.85,"76,123","3,296"
3219 倚強,2017/04/26,17.3,"23,300",1
3221 台嘉碩,2017/04/26,21.4,"96,446",144
3224 三顧,2017/04/26,46.3,"43,949","1,497"
32242 三顧二,2017/04/26,130.1,25,0
3226 至寶電,2017/04/26,61.9,"64,430",2
3227 原相,2017/04/26,76.8,"133,066","1,491"
3228 金麗科,2017/04/26,14.9,"67,792",69
3229 晟鈦,2017/04/26,9.76,"93,515",108
3230 錦明,2017/04/26,8,"107,746","1,374"
3231 緯創,2017/04/26,28.25,"2,650,316","10,266"
3232 昱捷,2017/04/26,18.05,"31,567",104
3234 光環,2017/04/26,45.45,"72,182","1,558"
32341 光環一,2017/04/26,101.35,"5,000",0
32342 光環二,2017/04/26,101.2,"5,000",30
3236 千如,2017/04/26,31.1,"63,096","2,105"
3252 海灣,2017/04/26,23.65,"28,093",31
32523 海灣三,2017/04/26,100.2,"1,506",0
3257 虹冠電,2017/04/26,35.55,"65,145",100
3259 鑫創,2017/04/26,17.3,"80,859",172
3260 威剛,2017/04/26,73,"229,973","8,146"
3264 欣銓,2017/04/26,25.2,"485,566","1,508"
3265 台星科,2017/04/26,25.35,"136,261",133
3266 昇陽,2017/04/26,11.6,"352,314",41
3268 海德威,2017/04/26,15.35,"33,426",34
3272 東碩,2017/04/26,43.25,"52,264",101
32721 東碩一,2017/04/26,102,"2,372",0
3276 宇環,2017/04/26,13.3,"69,712",114
3284 太普高,2017/04/26,20.4,"55,961",137
3285 微端,2017/04/26,20.15,"44,109",71
3287 廣寰科,2017/04/26,6.4,"43,970",0
3288 點晶,2017/04/26,6.46,"48,475",1
32881 點晶一,2017/04/26,99.55,"2,000",0
3289 宜特,2017/04/26,98,"62,492","1,166"
32893 宜特三,2017/04/26,126.5,"1,768",0
32894 宜特四,2017/04/26,111.5,"4,000",26
3290 東浦,2017/04/26,15.65,"99,548",122
3293 鈊象,2017/04/26,189.5,"69,979",229
3294 英濟,2017/04/26,15.9,"130,249",150
3296 勝德,2017/04/26,19.9,"103,224",253
3297 杭特,2017/04/26,15.8,"36,987",4
3299 帛漢,2017/04/26,66.3,"60,858",412
32994 帛漢四,2017/04/26,165,538,0
3303 岱稜,2017/04/26,20.45,"96,089",77
3305 昇貿,2017/04/26,31.15,"121,489",137
3306 鼎天,2017/04/26,23,"50,607",63
3308 聯德,2017/04/26,7.59,"99,949",20
3310 佳穎,2017/04/26,24.8,"83,768",103
3311 閎暉,2017/04/26,15.8,"189,383",235
3312 弘憶股,2017/04/26,7.31,"128,500",108
3313 斐成,2017/04/26,31.6,"83,770",495
3315 宣昶,2017/04/26,26.45,"70,281",222
3317 尼克森,2017/04/26,19.8,"61,251","1,336"
3321 同泰,2017/04/26,13.5,"89,000",126
3322 建舜電,2017/04/26,7.79,"86,415",52
33222 建舜電二,2017/04/26,104,"2,000",0
3323 加百裕,2017/04/26,20.9,"86,799",164
3324 雙鴻,2017/04/26,85,"79,999","2,266"
33242 雙鴻二,2017/04/26,154,"1,457",30
3325 旭品,2017/04/26,22.2,"77,134",76
33252 旭品二,2017/04/26,103.8,896,0
3332 幸康,2017/04/26,35.3,"48,104",1
3338 泰碩,2017/04/26,32.7,"69,612",364
33381 泰碩一,2017/04/26,112.5,"2,985",0
3339 泰谷,2017/04/26,6.37,"96,181",9
33392 泰谷二,2017/04/26,99,"8,000",0
33393 泰谷三,2017/04/26,99.4,"1,060",0
3345 慶良,2017/04/26,14.88,"37,500",0
3346 麗清,2017/04/26,99.2,"68,284","1,117"
3349 寶德,2017/04/26,18.01,"32,978",0
3354 律勝,2017/04/26,11.65,"70,112",45
3356 奇偶,2017/04/26,42.65,"77,259",143
3357 臺慶科,2017/04/26,25.1,"91,000",8
3360 尚立,2017/04/26,23.05,"75,456","1,135"
3362 先進光,2017/04/26,67.6,"93,378","6,386"
3363 上詮,2017/04/26,32.9,"77,494",544
3372 典範,2017/04/26,7.01,"407,929",173
3373 熱映,2017/04/26,19.75,"43,289",75
3374 精材,2017/04/26,46,"272,132","6,738"
3376 新日興,2017/04/26,84,"178,725","1,046"
3377 健格,2017/04/26,20.86,"12,634",1
3379 彬台,2017/04/26,10.45,"38,041",31
3380 明泰,2017/04/26,22.9,"434,469","3,968"
3383 新世紀,2017/04/26,3.95,"316,402",847
33835 新世紀五,2017/04/26,99.4,"6,000",0
3388 崇越電,2017/04/26,65,"64,106",60
3390 旭軟,2017/04/26,22.65,"65,845",590
3391 佳得,2017/04/26,14.73,"21,771",0
3402 漢科,2017/04/26,24.6,"73,047",193
3406 玉晶光,2017/04/26,363.5,"99,771","11,746"
3413 京鼎,2017/04/26,118.5,"75,000","2,539"
3416 融程電,2017/04/26,55.3,"60,181",91
3419 譁裕,2017/04/26,20.85,"120,495","2,094"
3426 台興,2017/04/26,68.5,"22,000",273
3428 光燿科,2017/04/26,66.1,"96,232","12,854"
3429 彥陽,2017/04/26,5.2,"34,205",32
3430 奇鈦科,2017/04/26,18.85,"27,350",3
3431 長天,2017/04/26,6.2,"35,458",5
3432 台端,2017/04/26,12.2,"66,586",54
3434 哲固,2017/04/26,15.25,"22,700",27
3437 榮創,2017/04/26,28.05,"149,416","3,551"
3438 類比科,2017/04/26,23.25,"67,379","2,173"
3441 聯一光,2017/04/26,38.9,"40,039","17,708"
3443 創意,2017/04/26,101.5,"134,011",416
3444 利機,2017/04/26,19.35,"39,114",164
3450 聯鈞,2017/04/26,130.5,"110,364","1,627"
3452 益通,2017/04/26,8.78,"779,449",162
3454 晶睿,2017/04/26,89.4,"79,930",782
3455 由田,2017/04/26,51.8,"61,458",795
3465 祥業,2017/04/26,19,"13,160",26
3466 致振,2017/04/26,19.2,"60,887",2
3479 安勤,2017/04/26,56.4,"69,303",83
3481 群創,2017/04/26,14.5,"9,952,078","116,993"
3483 力致,2017/04/26,31.9,"48,960",777
3484 崧騰,2017/04/26,41.7,"65,391",466
34841 崧騰一,2017/04/26,155,"1,116",0
3485 敘豐,2017/04/26,30.41,"31,955",14
3489 森寶,2017/04/26,11.3,"83,130",46
3490 單井,2017/04/26,33.5,"67,215",514
3491 昇達科,2017/04/26,78.7,"51,581","2,105"
3492 長盛,2017/04/26,31.3,"35,531",152
3494 誠研,2017/04/26,10.85,"179,450",307
3498 陽程,2017/04/26,52.4,"92,287",860
3499 環天科,2017/04/26,15.15,"54,970",440
3501 維熹,2017/04/26,52.4,"118,257",220
3504 揚明光,2017/04/26,38.5,"114,059","5,058"
3505 聯線上,2017/04/26,38.21,"17,471",0
3508 位速,2017/04/26,15.25,"92,837",458
3511 矽瑪,2017/04/26,19.85,"38,972",50
3512 能緹,2017/04/26,42.5,"59,000",376
3514 昱晶,2017/04/26,16.15,"519,650","1,329"
3515 華擎,2017/04/26,40.7,"115,041",45
3516 亞帝歐,2017/04/26,9.94,"69,083",197
3518 柏騰,2017/04/26,20.65,"80,707",19
3519 綠能,2017/04/26,15.3,"414,261",968
3520 振維,2017/04/26,122.5,"64,032",345
3521 鴻翊,2017/04/26,9.15,"46,730",11
3522 宏森,2017/04/26,40.4,"64,950",737
3523 迎輝,2017/04/26,9.6,"96,099",49
3526 凡甲,2017/04/26,69.3,"65,837","1,484"
35263 凡甲三,2017/04/26,109,"5,000",50
3527 聚積,2017/04/26,73,"33,156",386
3528 安馳,2017/04/26,32.55,"63,136",182
3529 力旺,2017/04/26,415,"75,782",122
3530 晶相光,2017/04/26,139.5,"67,301",67
3531 先益,2017/04/26,23.2,"61,175",32
3532 台勝科,2017/04/26,94.6,"775,696","3,046"
3533 嘉澤,2017/04/26,116,"93,477","2,787"
3535 晶彩科,2017/04/26,14.6,"79,052",882
35352 晶彩科二,2017/04/26,109.5,"1,925",0
3536 誠創,2017/04/26,24.1,"96,800","3,210"
3537 堡達,2017/04/26,22,"48,695",141
3540 曜越,2017/04/26,19.7,"66,613",126
3541 西柏,2017/04/26,152,"44,829",276
3543 州巧,2017/04/26,11.74,"81,436",276
3545 敦泰,2017/04/26,36.65,"297,032","6,311"
3546 宇峻,2017/04/26,89.9,"34,272",568
3548 兆利,2017/04/26,52.4,"60,551",198
3550 聯穎,2017/04/26,18.4,"85,000",129
3551 世禾,2017/04/26,29.95,"56,774",10
3552 同致,2017/04/26,203.5,"85,040","1,407"
3553 力積,2017/04/26,14.25,"67,953",114
3555 重鳥鵬,2017/04/26,67.3,"35,550",7
3556 禾瑞亞,2017/04/26,51.4,"57,181",138
3557 嘉威,2017/04/26,5.26,"143,246",80
3558 神準,2017/04/26,142,"49,060",233
3559 全智科,2017/04/26,23.65,"120,580",27
3561 昇陽光電,2017/04/26,12.1,"371,209",624
3562 頂晶科,2017/04/26,14.5,"58,090",150
3563 牧德,2017/04/26,82.5,"42,608",402
3564 其陽,2017/04/26,38,"20,481",53
35641 其陽一,2017/04/26,105,"2,000",0
3566 太陽光,2017/04/26,4.44,"166,819",80
3567 逸昌,2017/04/26,27.1,"35,581",69
3570 大塚,2017/04/26,48.8,"17,097",37
3576 新日光,2017/04/26,13.6,"1,017,615","2,788"
3577 泓格,2017/04/26,36.85,"43,689",15
3579 尚志,2017/04/26,11.65,"115,597",50
3580 友威科,2017/04/26,32,"63,470",529
35801 友威科一,2017/04/26,287,250,0
3581 博磊,2017/04/26,23.7,"51,776",850
3583 辛耘,2017/04/26,54.2,"81,139",18
3585 聯致,2017/04/26,5.35,"137,409",10
3587 閎康,2017/04/26,103.5,"53,313",115
3588 通嘉,2017/04/26,30.35,"47,409",90
3591 艾笛森,2017/04/26,16.15,"132,382",516
3592 瑞鼎,2017/04/26,65.06,"72,230",215
3593 力銘,2017/04/26,11,"112,743","1,006"
3594 磐儀,2017/04/26,21.45,"57,780",67
3595 山太士,2017/04/26,6.4,"22,571",30
3596 智易,2017/04/26,50.7,"189,119","2,194"
3597 映興,2017/04/26,14.1,"31,388",0
3601 前源,2017/04/26,18,"66,092",28
3603 連營,2017/04/26,2.41,"47,769",27
3605 宏致,2017/04/26,25.1,"123,355",112
3607 谷崧,2017/04/26,30.15,"121,662",96
36072 谷崧二,2017/04/26,100.8,"8,000",19
3609 東林,2017/04/26,16,"30,339",1
36091 東林一,2017/04/26,103,"1,499",0
3611 鼎翰,2017/04/26,224,"38,555",165
36111 鼎翰一,2017/04/26,99.5,"12,000",10
3615 安可,2017/04/26,26,"70,584",392
3617 碩天,2017/04/26,96.4,"80,951",57
3622 洋華,2017/04/26,12,"151,327",270
3623 富晶通,2017/04/26,53.5,"36,277",158
3624 光頡,2017/04/26,20.25,"117,340",128
3625 西勝,2017/04/26,30.65,"62,005","6,261"
36251 西勝一,2017/04/26,283,"1,342",0
3627 華信科,2017/04/26,54.18,"28,173",587
3628 盈正,2017/04/26,46.3,"45,000",36
3629 群富通,2017/04/26,20.7,"20,246",27
3630 新鉅科,2017/04/26,43.9,"101,348","5,174"
3631 晟楠,2017/04/26,23,"79,920",15
3632 研勤,2017/04/26,16.15,"30,807",301
36322 研勤二,2017/04/26,107,"2,000",3
3633 云光,2017/04/26,38.49,"34,023",73
3642 駿熠電,2017/04/26,22.9,"30,368",30
3644 凌嘉科,2017/04/26,14.4,"53,004",1
3645 達邁,2017/04/26,48.8,"123,257","3,224"
3646 艾恩特,2017/04/26,24.1,"38,811",45
3652 精聯,2017/04/26,24.1,"47,075",14
3653 健策,2017/04/26,69.9,"106,324","5,237"
3659 百辰,2017/04/26,5.85,"53,203",12
3661 世芯-KY,2017/04/26,62,"60,702","3,666"
36624 樂陞四,2017/04/26,90,"2,755",0
36625 樂陞五,2017/04/26,121.5,"4,999",0
36626 樂陞六,2017/04/26,88.5,953,0
3663 鑫科,2017/04/26,17.9,"73,498",23
36632 鑫科二,2017/04/26,102.65,140,0
3664 安瑞-KY,2017/04/26,16.2,"74,778",87
3665 貿聯-KY,2017/04/26,184,"106,299","1,428"
3666 光耀,2017/04/26,23.35,"48,299",205
3669 圓展,2017/04/26,20.8,"97,481",55
3672 康聯訊,2017/04/26,32.7,"31,171",43
3673 TPK-KY,2017/04/26,105,"346,633","23,855"
3674 康訊,2017/04/26,8.2,"18,248",0
3675 德微,2017/04/26,60.8,"44,428","2,127"
3678 聯享,2017/04/26,4.4,"24,280",0
3679 新至陞,2017/04/26,83.2,"79,303",112
3680 家登,2017/04/26,34,"65,960",102
3682 亞太電,2017/04/26,9.9,"4,300,627","5,165"
3684 榮昌,2017/04/26,36.4,"24,606",23
3685 元創精密,2017/04/26,54.5,"79,995",12
3686 達能,2017/04/26,6.58,"349,626",630
3687 歐買尬,2017/04/26,40.9,"30,059",26
3688 華立捷,2017/04/26,37.88,"73,621",44
3689 湧德,2017/04/26,38,"69,675","1,115"
3691 碩禾,2017/04/26,250,"60,989",551
36911 碩禾一,2017/04/26,102.65,"17,417",32
3693 營邦,2017/04/26,66.5,"38,535",16
36931 營邦一,2017/04/26,103.5,"5,000",52
3694 海華,2017/04/26,14,"129,838",189
3698 隆達,2017/04/26,20.15,"547,043","12,164"
36981 隆達一,2017/04/26,100.45,244,2
36982 隆達二,2017/04/26,98.85,"3,144",0
3701 大眾控,2017/04/26,6,"380,689",0
3702 大聯大,2017/04/26,38.2,"1,741,900","3,932"
37021 大聯大一,2017/04/26,107.1,"29,488",113
3703 欣陸,2017/04/26,10.7,"823,215",160
3704 合勤控,2017/04/26,15.9,"441,177",731
3705 永信,2017/04/26,44.7,"266,422",72
3706 神達,2017/04/26,31.75,"817,902","2,585"
3707 漢磊,2017/04/26,14.1,"174,320","4,193"
37071 漢磊一,2017/04/26,141,"5,243",2
3708 上緯投控,2017/04/26,67,"90,847",202
37081 上緯投控一,2017/04/26,632,962,0
37082 上緯投控二,2017/04/26,101,"7,000",11
4102 永日,2017/04/26,17.25,"42,373",46
4103 百略,2017/04/26,68.8,"109,996",25
4104 佳醫,2017/04/26,45.1,"127,626",96
41045 佳醫五,2017/04/26,121,188,0
4105 東洋,2017/04/26,100.5,"248,649","1,298"
4106 雃博,2017/04/26,30.65,"83,385",82
41061 雃博一,2017/04/26,105,"3,000",0
4107 邦特,2017/04/26,89.9,"69,298",889
4108 懷特,2017/04/26,28.65,"163,616",298
4109 穆拉德加捷,2017/04/26,22,"78,753",393
41093 穆拉德加捷三,2017/04/26,109.05,"2,386",0
4111 濟生,2017/04/26,23.45,"56,982",63
4113 聯上,2017/04/26,9.99,"205,764",130
4114 健喬,2017/04/26,30.85,"164,768","1,765"
41145 健喬五,2017/04/26,115,"5,000",0
4116 明基醫,2017/04/26,37.15,"44,320",31
4117 普生,2017/04/26,19.8,"49,105",30
4119 旭富,2017/04/26,73.1,"79,485",107
4120 友華,2017/04/26,72,"86,747",786
4121 優盛,2017/04/26,11.2,"73,316",74
4123 晟德,2017/04/26,56.7,"291,916",211
41233 晟德三,2017/04/26,105.35,"22,804",6
4126 太醫,2017/04/26,77.8,"66,015",80
4127 天良,2017/04/26,17.3,"45,760",89
4128 中天,2017/04/26,21.15,"425,342",375
4129 聯合,2017/04/26,67,"71,746",783
4130 健亞,2017/04/26,39.15,"100,806",398
41301 健亞一,2017/04/26,98.9,"2,500",0
4131 晶宇,2017/04/26,7.47,"38,291",0
4132 國鼎,2017/04/26,43.99,"112,216",92
4133 亞諾法,2017/04/26,34.55,"58,789",12
4134 台欣生,2017/04/26,8.74,"41,391",3
4135 天賜爾,2017/04/26,10.05,"30,548",2
4136 太和-KY,2017/04/26,74.5,"24,296",7
4137 麗豐-KY,2017/04/26,140.5,"79,492",188
41371 麗豐一KY,2017/04/26,101.25,"9,000",0
4138 曜亞,2017/04/26,55.6,"30,000",20
41382 曜亞二,2017/04/26,103.95,"3,000",0
4139 馬光-KY,2017/04/26,38.5,"38,147",17
4141 龍燈-KY,2017/04/26,32.45,"151,911",161
41412 龍燈二KY,2017/04/26,109.45,"3,000",0
41413 龍燈三KY,2017/04/26,101.3,"5,000",21
4142 國光生,2017/04/26,21.55,"237,684",242
41421 國光生一,2017/04/26,106.8,"5,997",5
41422 國光生二,2017/04/26,106.35,"8,987",34
4144 康聯-KY,2017/04/26,40.15,"78,139",55
4147 中裕,2017/04/26,173.5,"250,195",555
4150 優你康,2017/04/26,15.51,"109,660",32
4151 明躍,2017/04/26,17,"43,325",0
4152 台微體,2017/04/26,115.5,"55,819",43
4153 鈺緯,2017/04/26,30.95,"49,366",168
41532 鈺緯二,2017/04/26,101.5,"3,000",0
4154 康樂-KY,2017/04/26,18.75,"19,526",21
4155 訊映,2017/04/26,33.09,"65,596",41
4157 太景*-KY,2017/04/26,23,"716,760",409
4159 泉盛,2017/04/26,20.62,"302,423",45
4160 創源,2017/04/26,25.4,"24,247",31
4161 聿新科,2017/04/26,54,"52,257",98
4162 智擎,2017/04/26,184.5,"122,583",377
4163 鐿鈦,2017/04/26,134,"40,238",162
41631 鐿鈦一,2017/04/26,106,"5,000",27
4164 承業醫,2017/04/26,41.9,"139,855",67
41642 承業醫二,2017/04/26,105,"10,000",10
4166 友霖,2017/04/26,24.51,"130,033",9
4167 展旺,2017/04/26,23.85,"246,526",245
4168 醣聯,2017/04/26,28.2,"76,993",66
4169 泰宗,2017/04/26,25.8,"47,592",3
4170 鑫品,2017/04/26,17,"39,597",42
4171 瑞基,2017/04/26,20.9,"34,340",95
41711 瑞基一,2017/04/26,103,"2,000",0
4172 因華,2017/04/26,24,"68,590",50
4173 久裕,2017/04/26,22.65,"44,574",603
4174 浩鼎,2017/04/26,265,"172,013","1,047"
4175 杏一,2017/04/26,74.3,"28,240",21
41751 杏一一,2017/04/26,103.5,"3,000",33
4177 柏登,2017/04/26,33.5,"34,500",8
4180 安成藥,2017/04/26,84.4,"125,103",100
4183 福永生技,2017/04/26,29,"23,800",22
4186 尖端醫,2017/04/26,27.98,"60,000",2
4187 得榮,2017/04/26,13.31,"24,180",0
4188 安克,2017/04/26,27.95,"52,695",39
4190 佐登-KY,2017/04/26,82.5,"61,154",117
4191 法德藥,2017/04/26,90.79,"55,158",15
4192 杏國,2017/04/26,32.75,"69,867",177
4193 喬本,2017/04/26,88,"39,281",206
4194 禾生技,2017/04/26,17.4,"67,731",0
4195 基米,2017/04/26,12.5,"57,891",10
4197 暐世,2017/04/26,14.26,"30,510",4
4198 環瑞醫,2017/04/26,21,"141,800",110
4205 中華食,2017/04/26,58.1,"72,704",23
4207 環泰,2017/04/26,13,"173,617",825
4303 信立,2017/04/26,28.8,"72,821",49
4304 勝昱,2017/04/26,7.52,"51,333",22
4305 世坤,2017/04/26,33.3,"55,014",7
4306 炎洲,2017/04/26,12.95,"451,284",374
43067 炎洲七,2017/04/26,100,50,0
4401 東隆興,2017/04/26,78.3,"120,286",58
4402 福大,2017/04/26,4.6,"45,991",8
4406 新昕纖,2017/04/26,9.81,"51,912",7
4413 飛寶,2017/04/26,10.9,"19,314",4
4414 如興,2017/04/26,18.7,"852,393",401
44144 如興四,2017/04/26,121,"8,596",0
4416 三圓,2017/04/26,81.2,"60,015",0
44161 三圓一,2017/04/26,102,"1,405",0
4417 金洲,2017/04/26,38.45,"82,334",146
4419 元勝國際,2017/04/26,7.15,"29,578",0
4420 光明,2017/04/26,25.2,"40,455",64
4426 利勤,2017/04/26,80,"113,053",588
4427 展頌,2017/04/26,8.93,"153,727",84
4429 聚紡,2017/04/26,23,"34,350",15
4430 耀億,2017/04/26,24.6,"56,273",62
4431 敏成,2017/04/26,34.34,"18,270",74
4432 銘旺實,2017/04/26,43.15,"50,589",38
4433 興采,2017/04/26,24.7,"31,560",5
4438 廣越,2017/04/26,165.5,"103,763",44
4502 健信,2017/04/26,47,"42,395",20
4503 金雨,2017/04/26,47,"39,263",422
4506 崇友,2017/04/26,37.25,"196,680",25
4510 高鋒,2017/04/26,16.8,"108,010",110
4513 福裕,2017/04/26,9.1,"76,880",32
4523 永彰,2017/04/26,18.45,"64,000",53
45231 永彰一,2017/04/26,100,42,0
4526 東台,2017/04/26,21.65,"254,826",135
4527 方土霖,2017/04/26,34.7,"76,152",346
4528 江興鍛,2017/04/26,54.9,"76,514",291
4529 昶洧,2017/04/26,36.05,"80,142",307
4530 宏易,2017/04/26,8.56,"46,172",181
4532 瑞智,2017/04/26,32.3,"487,937",478
45322 瑞智二,2017/04/26,119,"4,687",0
4533 協易機,2017/04/26,13.8,"160,254",192
4534 慶騰,2017/04/26,28.85,"81,464",305
45343 慶騰三,2017/04/26,176,"2,266",0
4535 至興,2017/04/26,44.5,"75,661",9
4536 拓凱,2017/04/26,105,"90,820",10
4537 旭東,2017/04/26,11.91,"72,000",0
4538 大詠城,2017/04/26,19.5,"42,000",5
4540 全球,2017/04/26,27.2,"85,278",73
4541 晟田,2017/04/26,25.8,"54,143",165
45411 晟田一,2017/04/26,100.85,169,0
45412 晟田二,2017/04/26,105.1,167,0
45413 晟田三,2017/04/26,107.95,"3,000",0
45414 晟田四,2017/04/26,100.3,"2,000",15
4542 科嶠,2017/04/26,25.25,"28,285",14
4543 萬在,2017/04/26,20.2,"56,735",39
4544 春日,2017/04/26,22,"60,290",0
4545 銘鈺,2017/04/26,38.45,"77,000",37
4546 長亨,2017/04/26,178,"33,870",57
4549 桓達,2017/04/26,95.5,"38,465",364
4550 長佳,2017/04/26,22.45,"34,301",53
45501 長佳一,2017/04/26,118,"1,052",0
4551 智伸科,2017/04/26,136.5,"81,934",199
4552 力達-KY,2017/04/26,101,"100,000","1,020"
4553 盛復,2017/04/26,32.52,"31,065",0
4554 橙的,2017/04/26,37.85,"21,318",26
4555 氣立,2017/04/26,61.1,"66,880",14
4556 旭然,2017/04/26,30.5,"35,228",11
4557 永新-KY,2017/04/26,82.9,"34,425",217
4558 寶緯,2017/04/26,16.56,"44,100",0
4559 久裕興,2017/04/26,9.94,"35,300",30
4560 強信-KY,2017/04/26,46.56,"58,000",3
4561 健椿,2017/04/26,30.6,"47,564",48
4562 穎漢,2017/04/26,53.8,"60,040",33
4563 百德,2017/04/26,65,"35,250",3
4564 元翎,2017/04/26,35.01,"155,648",107
4565 宏偉,2017/04/26,38.39,"42,000",34
4566 時碩工業,2017/04/26,78.32,"60,000",6
4609 唐鋒,2017/04/26,9.56,"47,946",19
4702 中美實,2017/04/26,6.5,"225,000",299
47031 揚華一,2017/04/26,21.75,"2,997",0
4706 大恭,2017/04/26,22.4,"79,030",52
4707 磐亞,2017/04/26,9.95,"225,608",191
4711 永純,2017/04/26,21.2,"61,056",80
4712 南璋,2017/04/26,15.8,"60,524",130
4714 永捷,2017/04/26,13.05,"82,163",739
47143 永捷三,2017/04/26,132.3,107,0
4716 大立,2017/04/26,23.5,"73,327",734
4720 德淵,2017/04/26,14.7,"88,576",23
47201 德淵一,2017/04/26,105.9,"2,500",37
4721 美琪瑪,2017/04/26,41.95,"74,986","1,262"
4722 國精化,2017/04/26,33.8,"95,246",127
4725 信昌化,2017/04/26,22.65,"291,975",353
4726 永昕,2017/04/26,33.1,"112,088",83
4728 雙美,2017/04/26,39.7,"54,463",84
4729 熒茂,2017/04/26,16.85,"104,402",86
4732 彥臣,2017/04/26,20,"35,000",15
4735 豪展,2017/04/26,40.75,"34,111",450
4736 泰博,2017/04/26,100.5,"74,597",123
47362 泰博二,2017/04/26,109,"5,998",0
4737 華廣,2017/04/26,78,"63,446",812
4738 尚化,2017/04/26,3.86,"77,596",30
4739 康普,2017/04/26,55,"75,725","1,681"
47392 康普二,2017/04/26,115.5,"6,000",34
4741 泓瀚,2017/04/26,92.79,"29,191",80
4743 合一,2017/04/26,28.5,"195,172",270
4744 皇將,2017/04/26,44.47,"40,208",286
4745 合富-KY,2017/04/26,44.5,"57,698",62
4746 台耀,2017/04/26,84.7,"89,272",150
47462 台耀二,2017/04/26,107.2,"3,538",70
4747 強生,2017/04/26,36.9,"30,018",2
4752 聯超,2017/04/26,29.99,"91,937",52
4754 國碳科,2017/04/26,50.2,"15,634",0
4755 三福化,2017/04/26,31.4,"90,694",5
4760 勤凱,2017/04/26,22.61,"21,069",13
4762 三汰-KY,2017/04/26,55.3,"18,700",34
4763 材料-KY,2017/04/26,165,"46,480",47
4764 雙鍵,2017/04/26,66.8,"61,514",3
4765 磐采,2017/04/26,108.99,"32,133",44
4802 樂美館,2017/04/26,23.6,"20,412",15
4803 VHQ-KY,2017/04/26,180,"32,277",258
48031 VHQ一KY,2017/04/26,113.7,"7,000",0
4804 大略-KY,2017/04/26,66,"36,031",311
4806 昇華,2017/04/26,70.1,"25,500",521
4807 日成-KY,2017/04/26,98,"33,920",14
4903 聯光通,2017/04/26,51,"90,279",439
4904 遠傳,2017/04/26,73.8,"3,258,500","6,813"
4905 台聯電,2017/04/26,42.45,"48,622",52
4906 正文,2017/04/26,30.7,"309,430","11,534"
49064 正文四,2017/04/26,153,"8,697",0
4907 富宇,2017/04/26,20.5,"118,145",205
4908 前鼎,2017/04/26,17.2,"77,686",14
4909 新復興,2017/04/26,22.5,"93,356",39
4911 德英,2017/04/26,62.5,"55,660",16
4912 聯德控股-KY,2017/04/26,132,"39,541",836
4915 致伸,2017/04/26,49.5,"444,779","1,528"
4916 事欣科,2017/04/26,37.5,"71,856",518
49161 事欣科一,2017/04/26,115,"1,490",0
4919 新唐,2017/04/26,42.4,"207,554","1,269"
4921 宏陽,2017/04/26,6,"63,509",6
4923 力士,2017/04/26,12.88,"20,000",17
4924 欣厚-KY,2017/04/26,8.61,"37,164",38
4925 智微,2017/04/26,19.88,"70,858",93
4927 泰鼎-KY,2017/04/26,28.45,"122,594",266
49272 泰鼎二KY,2017/04/26,100.1,"6,166",0
4930 燦星網,2017/04/26,14.35,"134,300",129
4933 友輝,2017/04/26,30.6,"77,331",518
4934 太極,2017/04/26,12.1,"356,545",881
4935 茂林-KY,2017/04/26,53.3,"130,937",506
4938 和碩,2017/04/26,90,"2,574,944","6,002"
4939 亞電,2017/04/26,14.65,"98,200","1,821"
4942 嘉彰,2017/04/26,25.1,"142,367",59
4943 康控-KY,2017/04/26,129.5,"99,678","2,608"
4944 兆遠,2017/04/26,10.85,"211,597","1,816"
4946 辣椒,2017/04/26,28.05,"27,320",59
4947 昂寶-KY,2017/04/26,189,"53,913",545
4949 有成,2017/04/26,5.26,"45,458",1
4950 牧東,2017/04/26,20,"47,900",65
4951 精拓科,2017/04/26,13.98,"33,330",20
4952 凌通,2017/04/26,40.5,"108,815",177
4953 緯軟,2017/04/26,22.85,"43,878",95
4956 光鋐,2017/04/26,22.4,"100,408","1,927"
4958 臻鼎-KY,2017/04/26,69.6,"804,748","3,747"
4960 奇美材,2017/04/26,15.4,"515,728","6,266"
4961 天鈺,2017/04/26,30.2,"138,802",96
4965 商店街,2017/04/26,62.5,"26,602",17
4966 譜瑞-KY,2017/04/26,356,"77,332","1,325"
4967 十銓,2017/04/26,14.12,"50,597",184
4968 立積,2017/04/26,101,"54,887","1,135"
4969 富圓采,2017/04/26,2.12,"190,977",54
4971 IET-KY,2017/04/26,81.3,"36,134",109
4972 湯石照明,2017/04/26,34.9,"39,417",205
4973 廣穎,2017/04/26,22.8,"64,844",209
4974 亞泰,2017/04/26,45.2,"72,239","1,482"
4976 佳凌,2017/04/26,32.85,"105,868","4,584"
4977 眾達-KY,2017/04/26,80.7,"55,701",317
4979 華星光,2017/04/26,34.25,"73,857","1,254"
49791 華星光一,2017/04/26,100.3,"8,000",0
4980 佐臻,2017/04/26,33.4,"31,365",1
4984 科納-KY,2017/04/26,47.1,"45,752",657
4987 科誠,2017/04/26,53.9,"25,200",23
4991 環宇-KY,2017/04/26,59.4,"74,402","2,985"
49911 環宇一KY,2017/04/26,116,"2,122",26
49912 環宇二KY,2017/04/26,113,"1,443",3
4994 傳奇,2017/04/26,68,"110,639",248
4995 晶達,2017/04/26,35.3,"34,131",7
49951 晶達一,2017/04/26,105,"3,200",0
4999 鑫禾,2017/04/26,53.9,"74,417",113
5007 三星,2017/04/26,53.4,"294,940",46
5009 榮剛,2017/04/26,19.8,"466,735","1,007"
5011 久陽,2017/04/26,16.25,"41,135",1
5013 強新,2017/04/26,32,"111,180",102
5014 建錩,2017/04/26,17,"165,333","9,613"
5015 華祺,2017/04/26,27.35,"60,639",86
5016 松和,2017/04/26,33.25,"49,622",19
5102 富強,2017/04/26,14.15,"64,085",23
5201 凱衛,2017/04/26,18.4,"30,674",398
5202 力新,2017/04/26,31.7,"59,094",153
5203 訊連,2017/04/26,67,"92,358",128
5205 漢康,2017/04/26,13,"17,005",1
5206 坤悅,2017/04/26,9.65,"148,500",15
5209 新鼎,2017/04/26,42.55,"23,491",25
5210 寶碩,2017/04/26,6.72,"65,699",220
5211 蒙恬,2017/04/26,20.1,"32,024",43
5212 凌網,2017/04/26,24.7,"34,633",111
5213 亞昕,2017/04/26,13.75,"380,090",163
52136 亞昕六,2017/04/26,110,"5,000",0
5215 科嘉-KY,2017/04/26,33.5,"54,337",83
52151 科嘉一KY,2017/04/26,109,"1,500",5
5216 優燈,2017/04/26,22,"17,847",1
5220 萬達光,2017/04/26,35.2,"35,000",185
5222 全訊,2017/04/26,75,"34,411",269
5225 東科-KY,2017/04/26,31.8,"61,502",47
5227 立凱-KY,2017/04/26,25.75,"210,573",390
5228 鈺鎧,2017/04/26,15.49,"33,579",0
5229 立宇,2017/04/26,10.05,"61,237",0
5230 雷笛克光學,2017/04/26,45.05,"49,481",623
52302 雷笛克光學二,2017/04/26,105.8,"2,000",0
5233 有量,2017/04/26,36.09,"50,243",9
5234 達興材料,2017/04/26,47.1,"93,378",234
5240 建騰,2017/04/26,19,"37,056",0
5243 乙盛-KY,2017/04/26,45.7,"173,528",887
5244 弘凱,2017/04/26,10.04,"60,349",31
5245 智晶,2017/04/26,123,"47,326",127
5248 景傳,2017/04/26,50.15,"15,910",17
5251 天鉞電,2017/04/26,28.9,"38,153",30
5255 美桀,2017/04/26,33.9,"43,075",236
52551 美桀一,2017/04/26,111.6,"1,500",0
5256 銳捷,2017/04/26,10,"71,979",125
5258 虹堡,2017/04/26,39.5,"74,105",159
5259 清惠,2017/04/26,4.65,"34,525",68
52591 清惠一,2017/04/26,95.2,"3,000",0
5262 立達,2017/04/26,6.05,"51,304",270
5263 智崴,2017/04/26,195.5,"44,677",26
5264 鎧勝-KY,2017/04/26,87.7,"339,706","2,244"
5267 龍翩,2017/04/26,39.5,"25,500",27
5269 祥碩,2017/04/26,303.5,"57,070",335
5271 紘通,2017/04/26,7.62,"45,147",36
5272 笙科,2017/04/26,46.9,"57,971",426
5274 信驊,2017/04/26,564,"33,840",100
5276 達輝-KY,2017/04/26,25.2,"39,500",10
5277 葳天,2017/04/26,10.82,"47,600",1
5278 尚凡,2017/04/26,25.8,"14,234",50
5281 大峽谷-KY,2017/04/26,23.6,"37,010",14
5283 禾聯碩,2017/04/26,84,"60,726",1
5284 jpp-KY,2017/04/26,61.2,"38,610",32
52841 jpp一KY,2017/04/26,110,498,1
5285 界霖,2017/04/26,37.2,"74,800",102
52851 界霖一,2017/04/26,104.5,"7,200",1
5286 育駿,2017/04/26,11.09,"15,881",29
5287 數字,2017/04/26,220,"42,583",47
5288 豐祥-KY,2017/04/26,90.8,"65,753",913
5289 宜鼎,2017/04/26,103.5,"66,394",800
52891 宜鼎一,2017/04/26,116.5,"5,000",51
5291 邑昇,2017/04/26,13.35,"33,472",55
5294 捷音特,2017/04/26,50,"23,770",0
5295 懷藝,2017/04/26,5.68,"29,140",5
5297 廣化,2017/04/26,21.2,"23,507",38
5299 杰力,2017/04/26,28.05,"31,155",37
5301 寶得利,2017/04/26,24.7,"117,975",93
5302 太欣,2017/04/26,6.11,"162,377",50
5304 鼎創達,2017/04/26,2.96,"185,962",15
5305 敦南,2017/04/26,28.25,"310,377","1,793"
5306 桂盟,2017/04/26,144,"120,000",60
5309 系統電,2017/04/26,9.02,"213,638",411
53093 系統電三,2017/04/26,102,516,0
5310 天剛,2017/04/26,28.9,"49,601",37
5312 寶島科,2017/04/26,74.2,"60,059",16
5314 世紀,2017/04/26,4.78,"60,000",11
5315 光聯,2017/04/26,24.55,"106,351",849
5317 凱美,2017/04/26,27.2,"134,615",701
5321 友銓,2017/04/26,29.45,"28,800",91
5324 士開,2017/04/26,11.5,"106,379",19
5328 華容,2017/04/26,9.44,"178,310","1,732"
5340 建榮,2017/04/26,7.05,"194,893",987
5344 立衛,2017/04/26,7.14,"79,447",13
5345 天揚,2017/04/26,8.32,"50,000",65
5347 世界,2017/04/26,56.5,"1,638,982","1,834"
5348 系通,2017/04/26,4.71,"25,950",0
5349 先豐,2017/04/26,28.2,"224,096",824
5351 鈺創,2017/04/26,12.25,"436,953",682
5353 台林,2017/04/26,11.1,"81,850",48
5355 佳總,2017/04/26,7.3,"166,122",189
5356 協益,2017/04/26,46.05,"128,800",258
5364 力麗店,2017/04/26,22.65,"14,099",3
5371 中光電,2017/04/26,44.2,"434,423",600
5381 合正,2017/04/26,3,"187,054",276
5383 金利,2017/04/26,8.4,"71,414",9
5384 捷元,2017/04/26,14.05,"79,569",98
5386 青雲,2017/04/26,41.2,"13,516",562
5388 中磊,2017/04/26,76.5,"242,919","1,429"
5392 應華,2017/04/26,48.3,"102,786",232
53924 應華四,2017/04/26,103.2,"12,586",0
5398 力瑋,2017/04/26,31.75,"49,950",23
5403 中菲,2017/04/26,35.1,"62,630",73
5410 國眾,2017/04/26,13.55,"85,900",85
5425 台半,2017/04/26,38.9,"240,805","3,526"
5426 振發,2017/04/26,13.1,"143,800",124
5432 達威,2017/04/26,24.7,"20,687",0
5434 崇越,2017/04/26,98.9,"165,899",550
5438 東友,2017/04/26,14.5,"112,536",119
5439 高技,2017/04/26,31.55,"85,975",954
5443 均豪,2017/04/26,24.6,"165,136","1,209"
5450 寶聯通,2017/04/26,8.21,"50,392",31
5452 佶優,2017/04/26,9.67,"148,763",339
5455 訊利電,2017/04/26,8.8,"35,501",2
5457 宣德,2017/04/26,23.85,"167,800",239
5460 同協,2017/04/26,12.85,"72,032",221
5464 霖宏,2017/04/26,15.3,"71,071",13
5465 富驊,2017/04/26,16.5,"144,091",30
5468 凱鈺,2017/04/26,5.8,"69,822",0
5469 瀚宇博,2017/04/26,17.3,"450,436","1,459"
5471 松翰,2017/04/26,34.15,"167,877",508
5474 聰泰,2017/04/26,67.3,"33,729",110
5475 德宏,2017/04/26,5.67,"147,911",486
54755 德宏五,2017/04/26,99,38,0
54758 德宏八,2017/04/26,103.6,"2,000",0
54759 德宏九,2017/04/26,108.5,"2,000",0
5478 智冠,2017/04/26,68,"127,474",914
5480 統盟,2017/04/26,12.85,"199,097",204
5481 華韡,2017/04/26,17.45,"94,693",155
5483 中美晶,2017/04/26,44.1,"580,031","7,338"
5484 慧友,2017/04/26,5.83,"115,507",71
5487 通泰,2017/04/26,26.4,"22,134",1
5488 松普,2017/04/26,8.31,"91,586",370
5489 彩富,2017/04/26,37.1,"104,175",28
5490 同亨,2017/04/26,72.5,"94,396","10,034"
5491 連展,2017/04/26,10.8,"207,290",867
5493 三聯,2017/04/26,31.25,"44,264",12
5498 凱崴,2017/04/26,10.4,"161,895",307
5508 永信建,2017/04/26,28.25,"217,428",330
5511 德昌,2017/04/26,22.05,"133,461",37
5512 力麒,2017/04/26,9.2,"743,992",799
5514 三豐,2017/04/26,9.7,"176,643",2
5515 建國,2017/04/26,9.11,"337,900",72
5516 雙喜,2017/04/26,8.69,"38,295",12
5519 隆大,2017/04/26,11.75,"183,063",90
55191 隆大一,2017/04/26,104.5,"2,000",0
55192 隆大二,2017/04/26,103.05,991,0
5520 力泰,2017/04/26,27.5,"70,959",12
5521 工信,2017/04/26,13,"347,527",737
5522 遠雄,2017/04/26,40.7,"835,433",625
5523 豐謙,2017/04/26,14.25,"112,851",64
5525 順天,2017/04/26,14.2,"253,090",39
5529 志嘉,2017/04/26,10.9,"104,270",283
55291 志嘉一,2017/04/26,101.3,"4,000",20
5530 龍巖,2017/04/26,57.1,"420,084",313
5531 鄉林,2017/04/26,10.7,"882,310",227
5533 皇鼎,2017/04/26,15.75,"285,244",39
5534 長虹,2017/04/26,70,"290,325",671
5536 聖暉,2017/04/26,129.5,"47,236",209
5538 東明-KY,2017/04/26,28.95,"168,000",4
5543 崇佑-KY,2017/04/26,25,"27,199",368
5601 台聯櫃,2017/04/26,21.95,"64,800",7
5603 陸海,2017/04/26,13.35,"78,324",23
5604 中連貨,2017/04/26,32.9,"108,782",0
5607 遠雄港,2017/04/26,14.25,"169,979",27
5608 四維航,2017/04/26,10.1,"423,560",184
56084 四維航四,2017/04/26,102,"4,000",0
56085 四維航五,2017/04/26,101.6,22,0
5609 中菲行,2017/04/26,23.1,"129,000",199
5701 劍湖山,2017/04/26,2.87,"253,756",83
5703 亞都,2017/04/26,26.15,"70,239",8
5704 老爺知,2017/04/26,24.5,"38,861",3
5706 鳳凰,2017/04/26,35.7,"64,039",18
5820 日盛金,2017/04/26,7.18,"3,542,360","1,708"
5859 遠壽,2017/04/26,9.2,"1,242,573",84
5863 瑞興銀,2017/04/26,10.2,"273,310",1
5864 致和證,2017/04/26,8.5,"212,283",20
5871 中租-KY,2017/04/26,76,"1,139,229","20,035"
5876 上海商銀,2017/04/26,30,"4,079,103","2,159"
5878 台名,2017/04/26,48.9,"23,688",3
5880 合庫金,2017/04/26,15.45,"11,847,285","17,617"
5902 德記,2017/04/26,14.2,"94,500",95
5903 全家,2017/04/26,205,"223,220",22
5904 寶雅,2017/04/26,404.5,"96,476",102
5905 南仁湖,2017/04/26,8,"203,916",70
5906 台南-KY,2017/04/26,5.3,"30,000",44
5907 大洋-KY,2017/04/26,23.45,"199,499",124
6005 群益證,2017/04/26,10,"2,169,072",879
6015 宏遠證,2017/04/26,6.86,"380,000",212
6016 康和證,2017/04/26,6.95,"633,336",275
6020 大展證,2017/04/26,13,"252,353",71
6021 大慶證,2017/04/26,9.86,"306,755",154
6022 大眾證,2017/04/26,11,"377,761",719
6023 元大期,2017/04/26,39.35,"232,276",60
6024 群益期,2017/04/26,34.95,"160,397",95
6026 福邦證,2017/04/26,9,"241,700",156
6027 德信,2017/04/26,5.72,"137,550",296
6101 弘捷,2017/04/26,29,"69,826",36
6103 合邦,2017/04/26,13.55,"57,084",10
6104 創惟,2017/04/26,40.4,"90,699",392
6105 瑞傳,2017/04/26,38.1,"105,763",59
61053 瑞傳三,2017/04/26,108,"1,617",0
6107 華美,2017/04/26,67.1,"79,719",152
61071 華美一,2017/04/26,108.1,"3,933",3
6108 競國,2017/04/26,31.35,"159,899",898
6109 亞元,2017/04/26,13.35,"72,686",73
6111 大宇資,2017/04/26,129,"48,187",49
6112 聚碩,2017/04/26,29.5,"96,306",178
6113 亞矽,2017/04/26,9.76,"50,047",246
6114 久威,2017/04/26,79,"39,776","1,008"
6115 鎰勝,2017/04/26,49.1,"187,623",196
61153 鎰勝三,2017/04/26,175,12,0
6116 彩晶,2017/04/26,8.26,"3,233,933","47,094"
6117 迎廣,2017/04/26,18.6,"88,650",235
6118 建達,2017/04/26,6.58,"90,889",262
6120 達運,2017/04/26,14.1,"665,555","3,251"
6121 新普,2017/04/26,100.5,"308,284",941
6122 擎邦,2017/04/26,10.55,"68,729",312
6123 上奇,2017/04/26,33.2,"55,143",57
6124 業強,2017/04/26,32.6,"182,479",65
6125 廣運,2017/04/26,10.05,"254,011",137
6126 信音,2017/04/26,11.8,"116,370",240
61262 信音二,2017/04/26,128.3,"2,255",0
6127 九豪,2017/04/26,14.85,"85,041","4,873"
61274 九豪四,2017/04/26,106.9,"4,000",202
6128 上福,2017/04/26,41.2,"87,588",18
6129 普誠,2017/04/26,8.65,"180,943",207
6130 星寶國際,2017/04/26,43.6,"26,700",20
6131 悠克,2017/04/26,18.3,"101,926","4,404"
6133 金橋,2017/04/26,9.51,"117,006",13
6134 萬旭,2017/04/26,10.1,"92,819",25
6136 富爾特,2017/04/26,24.55,"115,536",85
6138 茂達,2017/04/26,37.6,"102,288","2,185"
6139 亞翔,2017/04/26,34.85,"216,637","5,379"
61393 亞翔三,2017/04/26,200,"1,632",8
6140 訊達,2017/04/26,10.7,"38,367",5
6141 柏承,2017/04/26,17.9,"133,064","7,259"
6142 友勁,2017/04/26,8.95,"268,235","1,596"
6143 振曜,2017/04/26,68.2,"83,280","2,319"
6144 得利影,2017/04/26,9.91,"73,117",0
6145 勁永,2017/04/26,11.85,"325,533","1,442"
6146 耕興,2017/04/26,182.5,"90,410",93
61462 耕興二,2017/04/26,130,154,0
6147 頎邦,2017/04/26,44.8,"649,261","5,209"
6148 驊宏資,2017/04/26,5.43,"90,002",59
6150 撼訊,2017/04/26,16,"30,264",43
6151 晉倫,2017/04/26,26.7,"55,257",542
6152 百一,2017/04/26,9.33,"172,400",105
6153 嘉聯益,2017/04/26,20.3,"323,159","2,071"
61534 嘉聯益四,2017/04/26,99.4,"14,034",10
6154 順發,2017/04/26,16.8,"80,080",35
6155 鈞寶,2017/04/26,21.65,"85,884","3,524"
6156 松上,2017/04/26,24.3,"77,381","1,316"
6158 禾昌,2017/04/26,21.9,"113,468",221
6160 欣技,2017/04/26,20.95,"68,489",281
6161 捷波,2017/04/26,13.6,"120,833",869
6163 華電網,2017/04/26,11.65,"103,481",220
6164 華興,2017/04/26,14.1,"100,000",95
6165 捷泰,2017/04/26,39,"49,682",750
6166 凌華,2017/04/26,66.1,"217,567",113
6167 久正,2017/04/26,9.59,"162,173","4,466"
6168 宏齊,2017/04/26,10.2,"206,069",336
61684 宏齊四,2017/04/26,99.9,"6,000",0
6169 昱泉,2017/04/26,25.8,"35,473",51
6170 統振,2017/04/26,8.92,"89,670",56
6171 亞銳士,2017/04/26,11.65,"75,351",27
6172 互億,2017/04/26,13.85,"30,000",3
6173 信昌電,2017/04/26,25.15,"185,116","4,977"
6174 安碁,2017/04/26,16,"50,000",65
6175 立敦,2017/04/26,18.35,"137,870",358
6176 瑞儀,2017/04/26,61.6,"465,027","1,918"
61761 瑞儀一,2017/04/26,99,"1,890",0
6177 達麗,2017/04/26,23,"206,627",468
61774 達麗四,2017/04/26,150,"2,273",50
61775 達麗五,2017/04/26,150,"4,797",0
61776 達麗六,2017/04/26,142,"4,837",0
6179 亞通,2017/04/26,50.2,"50,156",44
6180 橘子,2017/04/26,30.4,"157,593",186
61801 橘子一,2017/04/26,104,"7,000",1
6182 合晶,2017/04/26,18.65,"433,784","19,224"
61825 合晶五,2017/04/26,138,"3,098",0
61826 合晶六,2017/04/26,122,"4,300",23
6183 關貿,2017/04/26,27.8,"150,000",21
6184 大豐電,2017/04/26,35.7,"158,230",111
61842 大豐電二,2017/04/26,101,"20,000",0
6185 幃翔,2017/04/26,22.35,"118,858",124
6186 新潤,2017/04/26,23.45,"71,690",108
6187 萬潤,2017/04/26,75.2,"84,238","6,130"
6188 廣明,2017/04/26,38.45,"278,358","4,535"
6189 豐藝,2017/04/26,31.85,"179,045",146
6190 萬泰科,2017/04/26,14.3,"137,182",577
61904 萬泰科四,2017/04/26,150,325,0
6191 精成科,2017/04/26,12.25,"523,546","2,418"
6192 巨路,2017/04/26,52,"118,710",140
6194 育富,2017/04/26,17.65,"78,000",103
6195 詩肯,2017/04/26,55.9,"42,982",127
61952 詩肯二,2017/04/26,117,"2,824",12
6196 帆宣,2017/04/26,41.8,"171,501","18,181"
61963 帆宣三,2017/04/26,149,"3,199",153
6197 佳必琪,2017/04/26,30.65,"173,447",891
6198 凌泰,2017/04/26,19.9,"20,135",17
6199 天品,2017/04/26,17.05,"61,760",0
6201 亞弘電,2017/04/26,33.35,"89,200",122
6202 盛群,2017/04/26,55,"226,168",531
6203 海韻電,2017/04/26,31.35,"79,953",14
6204 艾華,2017/04/26,21.2,"36,097",6
6205 詮欣,2017/04/26,40.8,"71,839","5,630"
6206 飛捷,2017/04/26,103,"146,368",263
6207 雷科,2017/04/26,35.6,"83,954","3,915"
6208 日揚,2017/04/26,14.8,"98,993",218
6209 今國光,2017/04/26,33.65,"162,575","38,423"
6210 慶生,2017/04/26,37.45,"35,048",13
6212 理銘,2017/04/26,28.2,"102,000",15
6213 聯茂,2017/04/26,44.9,"302,957","1,098"
6214 精誠,2017/04/26,61.1,"269,393",539
6215 和椿,2017/04/26,12.45,"82,789",224
6216 居易,2017/04/26,32.35,"79,954",98
6217 中探針,2017/04/26,36.5,"63,213",164
6218 豪勉,2017/04/26,19.1,"64,262",65
6219 富旺,2017/04/26,10.65,"174,016",19
6220 岳豐,2017/04/26,48.65,"124,554","3,616"
6221 晉泰,2017/04/26,24.7,"39,591",11
6222 上揚,2017/04/26,6.63,"28,785",0
6223 旺矽,2017/04/26,106,"79,605","3,673"
62233 旺矽三,2017/04/26,119,"6,007",113
6224 聚鼎,2017/04/26,61.2,"80,001",96
6225 天瀚,2017/04/26,3.15,"98,472",6
6226 光鼎,2017/04/26,8.22,"93,781",402
62264 光鼎四,2017/04/26,108,"2,000",0
6227 茂綸,2017/04/26,20.55,"76,111",219
6228 全譜,2017/04/26,12.25,"21,223",59
6229 研通,2017/04/26,14.2,"36,087",117
6230 超眾,2017/04/26,124,"86,343",816
6231 系微,2017/04/26,32.7,"38,043",385
6233 旺玖,2017/04/26,11.25,"84,574",736
6234 高僑,2017/04/26,17.3,"92,864",80
6235 華孚,2017/04/26,21.8,"164,453","1,370"
6236 康呈,2017/04/26,37.6,"31,654",4
6237 驊訊,2017/04/26,22.4,"78,106",125
6238 勝麗,2017/04/26,173,"49,094",313
62383 勝麗三,2017/04/26,348,220,0
62384 勝麗四,2017/04/26,585,52,0
6239 力成,2017/04/26,93.7,"779,146","10,713"
6240 松崗,2017/04/26,42.8,"23,098",14
6241 易通展,2017/04/26,14.9,"23,717",18
6242 立康,2017/04/26,45.3,"22,200",18
6243 迅杰,2017/04/26,12.85,"74,976",134
6244 茂迪,2017/04/26,26.1,"490,034","1,293"
6245 立端,2017/04/26,46.4,"104,649",372
6246 臺龍,2017/04/26,25.75,"21,750",18
6247 淇譽電,2017/04/26,10.1,"60,321",5
6248 沛波,2017/04/26,22.7,"30,675",4
6251 定穎,2017/04/26,9,"281,059",237
6257 矽格,2017/04/26,26.75,"359,886",698
62572 矽格二,2017/04/26,103.3,"12,000",630
6259 百徽,2017/04/26,2.72,"72,936",72
6261 久元,2017/04/26,45.15,"128,497",110
6263 普萊德,2017/04/26,53.6,"62,500",111
6264 富裔,2017/04/26,7.79,"116,355",25
6265 方土昶,2017/04/26,6.92,"118,172",37
6266 泰詠,2017/04/26,12.05,"92,197",210
6269 台郡,2017/04/26,107,"302,238","10,712"
62693 台郡三,2017/04/26,172,734,0
62694 台郡四,2017/04/26,142.45,"12,114",164
6270 倍微,2017/04/26,10.95,"72,145",68
6271 同欣電,2017/04/26,125.5,"165,357","2,643"
6272 驊陞,2017/04/26,11.88,"64,722",93
6274 台燿,2017/04/26,53.3,"241,815","6,264"
6275 元山,2017/04/26,16.2,"55,711",649
62755 元山五,2017/04/26,122,"1,782",0
6276 安鈦克,2017/04/26,8.8,"33,733",33
6277 宏正,2017/04/26,83,"119,471",83
6278 台表科,2017/04/26,26.75,"295,398",216
6279 胡連,2017/04/26,147.5,"97,181",282
6281 全國電,2017/04/26,63.6,"99,172",12
6282 康舒,2017/04/26,23.25,"518,489",605
6283 淳安,2017/04/26,49,"127,542","9,812"
6284 佳邦,2017/04/26,20,"102,558",467
6285 啟碁,2017/04/26,86.2,"353,117","2,494"
62852 啟碁二,2017/04/26,110.9,"14,188",67
6287 元隆,2017/04/26,2.99,"318,145",14
62874 元隆四,2017/04/26,102.5,"2,500",0
6288 聯嘉,2017/04/26,23.94,"152,113","1,167"
6289 華上,2017/04/26,3.13,"269,260",477
6290 良維,2017/04/26,32,"131,056",825
62907 良維七,2017/04/26,117,"2,000",0
62908 良維八,2017/04/26,116,"3,000",0
6291 沛亨,2017/04/26,2.71,"33,000",2
6292 迅德,2017/04/26,35.2,"46,900",40
6294 智基,2017/04/26,116,"20,262",9
6298 崴強,2017/04/26,19.75,"168,951",807
6401 助群,2017/04/26,16.15,"45,504",28
6403 群登,2017/04/26,12.43,"27,644",77
6404 通訊-KY,2017/04/26,15.05,"37,904",79
6405 悅城,2017/04/26,17.05,"65,800",27
6407 相互,2017/04/26,13,"70,087",223
6409 旭隼,2017/04/26,422,"78,705",26
6411 晶焱,2017/04/26,62.7,"65,928",568
6412 群電,2017/04/26,50.9,"375,740","1,747"
6414 樺漢,2017/04/26,331.5,"76,388","1,188"
64141 樺漢一,2017/04/26,139,382,0
64142 樺漢二,2017/04/26,109.5,"15,595",133
6415 矽力-KY,2017/04/26,542,"85,985",248
6416 瑞祺電,2017/04/26,116,"60,030",49
6417 韋僑,2017/04/26,38.95,"35,614",465
6418 詠昇,2017/04/26,24.84,"30,460",1
6419 京晨科,2017/04/26,17.4,"22,045",219
6422 君耀-KY,2017/04/26,75.8,"41,485",876
64221 君耀一KY,2017/04/26,113.3,"2,999",35
6423 億而得,2017/04/26,54.64,"24,810",11
6425 易發,2017/04/26,29.6,"36,423",32
6426 統新,2017/04/26,174.5,"32,290","2,679"
6428 淘米,2017/04/26,10.3,"17,682",0
6431 光麗-KY,2017/04/26,8.72,"45,642",10
6432 今展科,2017/04/26,25,"19,530",62
64321 今展科一,2017/04/26,104.15,"1,800",0
6434 達輝光電,2017/04/26,5.35,"463,602",0
6435 大中,2017/04/26,76.8,"33,063","3,423"
6438 迅得,2017/04/26,52.8,"52,800","1,229"
6441 廣錠,2017/04/26,71,"23,021",33
6442 光聖,2017/04/26,53.6,"66,000","1,489"
6443 元晶,2017/04/26,10.35,"426,855","1,033"
6445 經絡醫,2017/04/26,85,"21,250",0
6446 藥華醫,2017/04/26,152,"218,821",188
6449 鈺邦,2017/04/26,34.9,"73,190",262
64491 鈺邦一,2017/04/26,108.9,"3,000",0
6451 訊芯-KY,2017/04/26,98.2,"105,446",555
6452 康友-KY,2017/04/26,475.5,"65,000",558
6453 健永,2017/04/26,185.59,"72,836",51
6456 GIS-KY,2017/04/26,166.5,"309,439","13,764"
6457 紘康,2017/04/26,32.2,"28,792",27
6461 益得,2017/04/26,40.01,"70,000",978
6462 神盾,2017/04/26,175,"69,677",894
6464 台數科,2017/04/26,116,"123,767",1
6465 威潤,2017/04/26,67.8,"24,369",1
6467 泰合藥,2017/04/26,8.59,"52,312",37
6468 棒辣椒,2017/04/26,93.5,"12,000",42
6469 大樹,2017/04/26,85,"26,523",125
6470 宇智,2017/04/26,66.9,"32,009",735
6471 聯生藥,2017/04/26,68.81,"160,591",103
6472 保瑞,2017/04/26,44.7,"26,462",254
6473 好玩家*,2017/04/26,20,"47,000",30
6475 岱煒,2017/04/26,13.9,"25,235",15
6477 安集,2017/04/26,17.65,"82,456",63
6479 瑞寶基因,2017/04/26,25.1,"74,158",44
6481 世界科,2017/04/26,30.8,"27,734",6
6482 弘煜科,2017/04/26,54,"14,084",0
6485 點序,2017/04/26,47,"31,178",119
6486 互動,2017/04/26,64,"46,180","6,169"
6487 源一,2017/04/26,17.26,"18,000",16
6488 環球晶,2017/04/26,225.5,"437,250","6,459"
6489 德晶,2017/04/26,10.4,"28,470",42
6490 凌昇科,2017/04/26,3.17,"33,754",20
6491 晶碩,2017/04/26,100,"60,000",39
6492 生華科,2017/04/26,145,"74,295",599
6493 雷虎生,2017/04/26,29.75,"24,050",1
6494 九齊,2017/04/26,42.75,"26,559",86
6495 納諾*-KY,2017/04/26,120.61,"134,270",215
6496 科懋,2017/04/26,78.9,"46,667",105
6498 久禾光,2017/04/26,6.33,"31,701",154
6499 益安,2017/04/26,86.5,"51,356",74
6504 南六,2017/04/26,148.5,"72,600",29
6505 台塑化,2017/04/26,107,"9,525,959","2,979"
6506 雙邦,2017/04/26,25,"76,856",232
6507 新力美,2017/04/26,3.33,"99,877",143
6508 惠光,2017/04/26,27.8,"81,393",32
6509 聚和,2017/04/26,17.5,"162,765",279
65094 聚和四,2017/04/26,105.8,"3,000",0
6510 精測,2017/04/26,"1,175.00","30,789",698
6511 綠晁,2017/04/26,4.78,"60,000",5
6512 啟發電,2017/04/26,29.15,"25,000",9
6514 芮特-KY,2017/04/26,46,"21,358",118
6516 勤崴,2017/04/26,403.99,"19,177",6
6518 康科特,2017/04/26,18.5,"25,000",9
6521 金樺,2017/04/26,30.89,"25,687",3
6523 達爾膚,2017/04/26,208,"45,815",25
6525 捷敏-KY,2017/04/26,59.1,"106,650",566
6527 明達醫,2017/04/26,38.58,"21,420",4
6529 研鼎,2017/04/26,38.8,"16,185",0
6530 創威,2017/04/26,16.2,"30,000",0
6531 愛普,2017/04/26,95,"70,720","2,385"
6532 瑞耘,2017/04/26,23.85,"31,626",94
6533 晶心科,2017/04/26,162.5,"40,611","1,086"
6534 正瀚,2017/04/26,260,"30,000",25
6535 順藥,2017/04/26,43.6,"95,085",100
6536 碩豐,2017/04/26,53,"21,324",6
6538 倉和,2017/04/26,61.5,"30,300",24
6539 翔宇,2017/04/26,141.49,"38,729",1
6540 喜康-KY,2017/04/26,61.99,"219,620",6
6541 泰福-KY,2017/04/26,120,"193,151",31
6542 隆中,2017/04/26,82.4,"30,000",12
6545 擎力,2017/04/26,10.85,"15,010",1
6546 正基,2017/04/26,15.08,"83,690",115
6547 基亞生,2017/04/26,28.92,"122,500",55
6548 長華科,2017/04/26,357.5,"30,107",110
6549 景凱,2017/04/26,15.2,"58,453",202
6550 北極星藥業-KY,2017/04/26,35.11,"206,630",217
6551 必翔電,2017/04/26,14,"195,000",218
6552 易華電,2017/04/26,29.05,"100,000",185
6553 豐華,2017/04/26,38.7,"62,499",47
6554 中美冠科-KY,2017/04/26,48.6,"145,276",166
6555 榮炭,2017/04/26,30.53,"38,500",3
6556 勝品,2017/04/26,56.8,"21,000",26
6558 興能高,2017/04/26,27.99,"74,597",861
6559 研晶,2017/04/26,29.7,"23,188",52
6560 欣普羅,2017/04/26,74.6,"17,151",114
6562 聯亞藥,2017/04/26,20.35,"141,399",1
6565 物聯,2017/04/26,41.56,"21,017",1
6566 創益,2017/04/26,45.5,"22,972",61
6567 生控,2017/04/26,73.6,"89,500",58
6568 宏觀,2017/04/26,169.5,"24,700",419
6569 醫揚,2017/04/26,275,"18,188",90
6570 維田,2017/04/26,28.2,"24,784",0
6572 博錸,2017/04/26,24,"50,858",6
6574 霈方,2017/04/26,169,"20,000",12
6575 心悅,2017/04/26,73.01,"102,414",198
6576 逸達,2017/04/26,68.6,"80,036",0
6577 勁豐,2017/04/26,69,"39,452",147
6578 達邦蛋白,2017/04/26,33,"24,326",1
6579 研揚,2017/04/26,118.02,"96,000",34
6581 鋼聯,2017/04/26,110.33,"99,944",42
6582 申豐,2017/04/26,91,"94,345",42
6583 友松,2017/04/26,56.99,"14,600",0
6584 南俊國際,2017/04/26,97.5,"52,000",7
6585 鼎基,2017/04/26,56.84,"60,000",0
6588 東典光電,2017/04/26,295,"20,755",273
6589 台康生技,2017/04/26,38.6,"103,017",44
6590 普鴻,2017/04/26,30.12,"13,000",4
6591 動力-KY,2017/04/26,104,"16,120",61
6593 台灣銘板,2017/04/26,40.5,"16,947",16
6596 寬宏藝術,2017/04/26,53,"19,000",5
6598 ABC-KY,2017/04/26,50.4,"46,413",0
6603 富強鑫,2017/04/26,12,"123,385",59
66032 富強鑫二,2017/04/26,109.9,"2,957",0
6605 帝寶,2017/04/26,88.4,"165,816",368
6609 瀧澤科,2017/04/26,22.2,"71,035",13
6610 安成生技,2017/04/26,60,"56,434",2
6611 方舟,2017/04/26,16.25,"12,000",70
6612 奈米醫材,2017/04/26,43.9,"30,216",0
6613 朋億,2017/04/26,158.49,"29,628",181
6615 慧智,2017/04/26,78.8,"18,670",49
6617 共信-KY,2017/04/26,66.6,"97,221",23
6620 漢達,2017/04/26,99.2,"104,449",82
6624 萬年清,2017/04/26,47.89,"16,000",19
6625 必應,2017/04/26,94.5,"25,667",61
6626 唯數,2017/04/26,84.59,"27,645",36
6627 飛躍文創,2017/04/26,50.2,"21,175",50
6803 崑鼎,2017/04/26,173.5,"66,624",91
7402 邑錡,2017/04/26,80.5,"18,746",81
7421 易宏,2017/04/26,26.8,"23,501",0
7443 凡事康,2017/04/26,18.6,"22,000",2
8011 台通,2017/04/26,23.35,"115,069",690
80112 台通二,2017/04/26,127,451,0
80113 台通三,2017/04/26,130,189,0
8016 矽創,2017/04/26,91.1,"120,637",373
8021 尖點,2017/04/26,26.8,"159,478","1,644"
8024 佑華,2017/04/26,11.45,"46,013",26
8027 鈦昇,2017/04/26,35,"61,643","16,975"
80271 鈦昇一,2017/04/26,191,"1,611",26
8028 昇陽半,2017/04/26,29.9,"116,828",525
8032 光菱,2017/04/26,26.5,"51,810",9
8033 雷虎,2017/04/26,8.53,"128,729",222
8034 榮群,2017/04/26,11.7,"62,873",552
8038 長園科,2017/04/26,42.5,"56,560",249
80381 長園科一,2017/04/26,103.5,"2,984",0
8039 台虹,2017/04/26,36.7,"208,445",370
8040 九暘,2017/04/26,7.05,"82,725",55
8041 東精電,2017/04/26,10.53,"24,592",0
8042 金山電,2017/04/26,55.4,"111,372",480
80423 金山電三,2017/04/26,198,183,0
80424 金山電四,2017/04/26,143,"1,665",1
8043 蜜望實,2017/04/26,19.55,"79,907","2,099"
8044 網家,2017/04/26,266,"110,316",399
8046 南電,2017/04/26,26.25,"646,165",649
8047 星雲,2017/04/26,10.85,"41,473",29
8048 德勝,2017/04/26,24.75,"53,264",17
8049 晶采,2017/04/26,16.4,"118,234","1,164"
8050 廣積,2017/04/26,60.1,"120,538",965
80504 廣積四,2017/04/26,124.1,295,20
8054 安國,2017/04/26,21.15,"73,882",450
8059 凱碩,2017/04/26,13.05,"91,118",204
8064 東捷,2017/04/26,21.7,"164,542","4,515"
8066 來思達,2017/04/26,149,"25,126",697
8067 志旭,2017/04/26,4.78,"44,755",4
8068 全達,2017/04/26,33.15,"66,955",28
8069 元太,2017/04/26,30.25,"1,140,467","8,332"
8070 長華,2017/04/26,157,"63,879","1,611"
8071 能率豐,2017/04/26,13.2,"51,854",83
8072 陞泰,2017/04/26,21.3,"100,000",32
8074 鉅橡,2017/04/26,30.7,"79,920",115
80745 鉅橡五,2017/04/26,170,"1,205",0
8076 伍豐,2017/04/26,46,"247,436","1,095"
8077 洛碁,2017/04/26,27.05,"80,633",0
8080 奧斯特,2017/04/26,13.75,"63,991",139
8081 致新,2017/04/26,70.9,"86,172",534
8083 瑞穎,2017/04/26,170.5,"35,133",35
8084 巨虹,2017/04/26,32.55,"53,936",0
8085 福華,2017/04/26,7.38,"157,257",656
8086 宏捷科,2017/04/26,57.8,"143,097","2,044"
8087 華鎂鑫,2017/04/26,8.9,"29,868",2
8088 品安,2017/04/26,26.1,"57,859","1,682"
8091 翔名,2017/04/26,56.4,"60,680",65
8092 建暐,2017/04/26,8.65,"38,850",44
8093 保銳,2017/04/26,5.65,"64,208",9
8096 擎亞,2017/04/26,15.8,"139,623","1,189"
8097 常珵,2017/04/26,11.9,"26,674",36
8099 大世科,2017/04/26,20.2,"67,200",96
8101 華冠,2017/04/26,4.93,"416,177",386
8103 瀚荃,2017/04/26,32.9,"81,399",353
8104 錸寶,2017/04/26,154.5,"28,300",18
8105 凌巨,2017/04/26,16.8,"441,544","1,862"
8107 大億科,2017/04/26,22.45,"99,335",130
8109 博大,2017/04/26,64,"60,044",23
8110 華東,2017/04/26,14.75,"482,855","2,607"
81101 華東一,2017/04/26,109.3,"5,988",54
8111 立碁,2017/04/26,7.97,"117,102",666
8112 至上,2017/04/26,23.85,"356,008","3,244"
81128 至上八,2017/04/26,181,"2,768",40
8114 振樺電,2017/04/26,163.5,"72,942",97
81141 振樺電一,2017/04/26,103,"7,466",0
81142 振樺電二,2017/04/26,100.55,"12,000",8
8115 帝聞,2017/04/26,19.65,"70,000",7
8121 越峰,2017/04/26,10.5,"182,422",163
8122 神通,2017/04/26,21.5,"283,017",14
8127 利汎,2017/04/26,6.31,"42,811",3
8131 福懋科,2017/04/26,27,"442,222",421
8147 正淩,2017/04/26,38.1,"24,887",7
81471 正淩一,2017/04/26,111,642,0
8150 南茂,2017/04/26,26.95,"886,839","11,514"
8155 博智,2017/04/26,37.9,"49,756",185
8163 達方,2017/04/26,25.7,"280,000","2,620"
8171 天宇,2017/04/26,10.2,"51,493",93
81712 天宇二,2017/04/26,100,205,0
8176 智捷,2017/04/26,10.85,"72,500",116
8179 旭德,2017/04/26,7.18,"286,085",21
8182 加高,2017/04/26,15.2,"107,041",44
8183 精星,2017/04/26,18.35,"113,251",605
8197 研能,2017/04/26,13.57,"61,747",1
8201 無敵,2017/04/26,14.6,"62,366","1,033"
8210 勤誠,2017/04/26,52.9,"119,725",79
8213 志超,2017/04/26,31.9,"271,242",781
82131 志超一,2017/04/26,108,"8,000",11
8215 明基材,2017/04/26,16,"320,674","1,682"
8222 寶一,2017/04/26,25,"68,460",213
8234 新漢,2017/04/26,30.5,"140,919","1,786"
8240 華宏,2017/04/26,19.4,"100,004",42
8249 菱光,2017/04/26,23.15,"127,055",192
8255 朋程,2017/04/26,106,"74,865",164
8261 富鼎,2017/04/26,24.45,"81,282",247
8271 宇瞻,2017/04/26,39.2,"100,897","2,192"
8277 商丞,2017/04/26,10.25,"91,628",352
82773 商丞三,2017/04/26,100.2,"3,000",0
8279 生展,2017/04/26,91,"21,000",40
8281 歐普羅,2017/04/26,16.55,"32,519",11
8284 三竹,2017/04/26,27.16,"41,500",4
8287 英格爾,2017/04/26,17.8,"140,020",121
8289 泰藝,2017/04/26,10.75,"77,534",30
8291 尚茂,2017/04/26,5,"76,024",33
8299 群聯,2017/04/26,290,"197,073","3,682"
8329 台視,2017/04/26,7,"280,578",0
8341 日友,2017/04/26,146.5,"111,500",339
8342 益張,2017/04/26,83.5,"30,042",59
8349 恒耀,2017/04/26,88,"92,474",60
83492 恒耀二,2017/04/26,107.5,"10,000",30
83493 恒耀三,2017/04/26,120,"13,957",17
8351 新東亞,2017/04/26,7.05,"73,412",31
8354 冠好,2017/04/26,16.15,"63,743",1
8358 金居,2017/04/26,48.1,"210,588","6,513"
8359 錢櫃,2017/04/26,81.29,"136,500",26
8367 建新國際,2017/04/26,28.2,"73,449",44
8374 羅昇,2017/04/26,17.3,"87,608",94
8383 千附,2017/04/26,51,"118,192","1,884"
8390 金益鼎,2017/04/26,15.5,"95,586",99
8401 白紗科,2017/04/26,11.2,"60,111",30
8403 盛弘,2017/04/26,35.4,"75,584",139
8404 百和興業-KY,2017/04/26,37.25,"245,649",292
8406 金可-KY,2017/04/26,258,"92,697",288
84061 金可一KY,2017/04/26,99.5,"7,105",0
8409 商之器,2017/04/26,20.85,"28,000",7
8410 森田,2017/04/26,27.4,"36,589",19
8411 福貞-KY,2017/04/26,31.85,"158,444",93
8415 大國鋼,2017/04/26,18,"611,500",23
8416 實威,2017/04/26,91.9,"25,646",7
8418 捷必勝-KY,2017/04/26,15.3,"67,995",138
8420 明揚,2017/04/26,20.2,"50,990",33
8421 旭源,2017/04/26,19.4,"53,480",65
8422 可寧衛,2017/04/26,172,"108,888",89
8423 保綠-KY,2017/04/26,17.25,"19,439",1
8424 惠普,2017/04/26,39.2,"36,054",13
8426 紅木-KY,2017/04/26,48.15,"48,300",15
8427 基勝-KY,2017/04/26,55,"104,261",47
8429 金麗-KY,2017/04/26,38.25,"174,358",876
8431 匯鑽科,2017/04/26,43.6,"44,947",240
84311 匯鑽科一,2017/04/26,103.45,832,0
8432 東生華,2017/04/26,78,"38,398",64
8433 弘帆,2017/04/26,109,"52,577",149
8435 鉅邁,2017/04/26,44.45,"31,700",28
8436 大江,2017/04/26,173,"75,652",318
84361 大江一,2017/04/26,222,40,38
8437 大地-KY,2017/04/26,177.5,"33,065",16
84371 大地一KY,2017/04/26,116,"2,092",0
84372 大地二KY,2017/04/26,113,"1,855",0
8438 昶昕,2017/04/26,22.54,"62,899",0
8440 綠電,2017/04/26,21.2,"32,565",26
8442 威宏-KY,2017/04/26,54.2,"49,999",19
8443 阿瘦,2017/04/26,16,"66,800",46
8444 綠河-KY,2017/04/26,172.5,"74,030",32
8446 華研,2017/04/26,120.5,"42,777",392
8450 霹靂,2017/04/26,76.8,"47,957",62
84501 霹靂一,2017/04/26,103.5,"2,496",0
8454 富邦媒,2017/04/26,216,"142,058",27
8455 大拓-KY,2017/04/26,26.75,"25,219",1
8458 影一,2017/04/26,22.14,"28,000",0
8462 柏文,2017/04/26,86.3,"41,012",54
8463 潤泰材,2017/04/26,19.2,"150,000",126
8464 億豐,2017/04/26,289.5,"293,020",708
8465 德河,2017/04/26,11.02,"17,652",1
8466 美吉吉-KY,2017/04/26,118.5,"66,059",39
8467 波力-KY,2017/04/26,36.05,"50,860",0
8472 夠麻吉,2017/04/26,42.85,"20,311",16
8473 山林水,2017/04/26,65.2,"132,212",685
8476 台境,2017/04/26,58,"32,102",222
8477 創業家,2017/04/26,57.6,"19,621",24
8478 東哥,2017/04/26,141.5,"66,670",9
8479 台灣藝術,2017/04/26,10.9,"12,000",0
8480 泰昇-KY,2017/04/26,132.5,"35,700",17
8481 政伸,2017/04/26,42.6,"66,601",37
8485 信吉媒,2017/04/26,185,"20,460",1
8487 愛爾達,2017/04/26,25.03,"18,000",1
8488 吉源-KY,2017/04/26,42.7,"67,500",9
8489 三貝德,2017/04/26,173,"25,438",146
8490 利得,2017/04/26,28.9,"40,350",52
8491 真好玩,2017/04/26,22.63,"16,990",1
8492 兔將,2017/04/26,50.45,"21,500",1
8495 經緯航,2017/04/26,36.31,"22,690",360
8496 台霖,2017/04/26,18.91,"35,700",0
8497 聯廣,2017/04/26,79,"30,042",10
8905 裕國,2017/04/26,16.05,"119,440",253
8906 花王,2017/04/26,5.88,"51,321",28
8908 欣雄,2017/04/26,29.15,"144,718",8
8913 全銓,2017/04/26,42.6,"43,719",317
8916 光隆,2017/04/26,44.3,"108,560",158
89161 光隆一,2017/04/26,103.4,"8,000",20
8917 欣泰,2017/04/26,47,"122,203",10
8921 沈氏,2017/04/26,15.95,"46,592",0
8923 時報,2017/04/26,17.3,"30,375",0
8924 大田,2017/04/26,12.2,"121,263",61
8926 台汽電,2017/04/26,23.1,"589,048",290
8927 北基,2017/04/26,8.7,"191,833",85
8928 鉅明,2017/04/26,19.6,"50,854",92
8929 富堡,2017/04/26,40.8,"36,812",99
8930 青鋼,2017/04/26,14.15,"70,013",118
8931 大汽電,2017/04/26,21.45,"116,433",11
8932 宏大,2017/04/26,8.16,"48,800",50
8933 愛地雅,2017/04/26,11,"148,376",190
89333 愛地雅三,2017/04/26,106.5,554,0
89334 愛地雅四,2017/04/26,109,"3,000",6
8934 衡平,2017/04/26,85.6,"8,510",45
8935 邦泰,2017/04/26,5.6,"120,306",32
8936 國統,2017/04/26,20.7,"225,836","1,077"
89364 國統四,2017/04/26,102.2,471,0
8937 合騏,2017/04/26,11.1,"72,478",103
8938 明安,2017/04/26,27.8,"133,375",48
8940 新天地,2017/04/26,13.9,"67,491",21
8941 關中,2017/04/26,69.2,"23,632",63
8942 森鉅,2017/04/26,72,"165,834",495
89424 森鉅四,2017/04/26,107,7,0
8996 高力,2017/04/26,47.65,"89,384",127
89963 高力三,2017/04/26,110,621,0
9103 美德醫療-DR,2017/04/26,1.58,"205,531","3,340"
910322 康師傅-DR,2017/04/26,19.1,"23,549",2
910482 聖馬丁-DR,2017/04/26,0.95,"209,088",111
9105 泰金寶-DR,2017/04/26,2.96,"839,284",677
9106 新焦點-DR,2017/04/26,1.39,"60,530",2
910708 恒大健-DR,2017/04/26,276,503,0
910801 金衛-DR,2017/04/26,4.76,"76,159",52
910861 神州-DR,2017/04/26,12.6,"26,361",6
9110 越南控-DR,2017/04/26,3.8,"52,510",19
911608 明輝-DR,2017/04/26,2.49,"10,590",0
911616 杜康-DR,2017/04/26,1.5,"130,000",78
911619 耀傑-DR,2017/04/26,0.9,"41,279",0
911622 泰聚亨-DR,2017/04/26,12.5,"30,000",0
911868 同方友友-DR,2017/04/26,2.02,"80,791",27
912000 晨訊科-DR,2017/04/26,2.96,"36,206",8
912398 友佳-DR,2017/04/26,7.93,"39,928",92
9136 巨騰-DR,2017/04/26,11.45,"132,814",994
9157 陽光能源-DR,2017/04/26,1.07,"117,295",36
9188 精熙-DR,2017/04/26,4.6,"54,593",45
9802 鈺齊-KY,2017/04/26,76.9,"138,455",863
98023 鈺齊三KY,2017/04/26,135.5,"6,793",0
9902 台火,2017/04/26,9.93,"98,049",193
9904 寶成,2017/04/26,43.05,"2,946,787","7,779"
9905 大華,2017/04/26,26.2,"305,000",211
9906 欣巴巴,2017/04/26,18.45,"70,000",48
9907 統一實,2017/04/26,14.8,"1,579,145",365
9908 大台北,2017/04/26,25.1,"516,358",53
9910 豐泰,2017/04/26,116,"667,940","1,182"
9911 櫻花,2017/04/26,33.9,"221,121",239
9912 偉聯,2017/04/26,7.38,"53,162",27
9914 美利達,2017/04/26,159.5,"298,983",526
9917 中保,2017/04/26,87.9,"451,197",342
9918 欣天然,2017/04/26,31.4,"180,537",6
9919 康那香,2017/04/26,10.9,"197,126",118
9921 巨大,2017/04/26,181,"375,064","2,044"
9924 福興,2017/04/26,42.25,"188,452",182
9925 新保,2017/04/26,39.9,"383,653",82
9926 新海,2017/04/26,40.25,"179,504",1
9927 泰銘,2017/04/26,37.8,"209,148",302
9928 中視,2017/04/26,6.5,"150,724",29
9929 秋雨,2017/04/26,10.95,"168,800",89
9930 中聯資源,2017/04/26,54.1,"225,945",57
9931 欣高,2017/04/26,30.75,"102,250",2
9933 中鼎,2017/04/26,53.3,"763,273","1,443"
9934 成霖,2017/04/26,17.4,"351,769",775
99342 成霖二,2017/04/26,115,"2,028",81
9935 慶豐富,2017/04/26,8.91,"153,623",90
9937 全國,2017/04/26,39.9,"309,043",46
9938 百和,2017/04/26,103,"297,963",923
9939 宏全,2017/04/26,61.6,"292,878","2,354"
9940 信義,2017/04/26,34.9,"631,839",185
9941 裕融,2017/04/26,88.5,"274,629",529
9942 茂順,2017/04/26,82.5,"83,161",10
9943 好樂迪,2017/04/26,52.9,"147,317",48
9944 新麗,2017/04/26,20.65,"109,107",39
9945 潤泰新,2017/04/26,37.35,"1,393,408","5,938"
9946 三發地產,2017/04/26,11.85,"261,526",80
9949 琉園,2017/04/26,11.15,"47,033",5
9950 萬國通,2017/04/26,14.1,"96,811",9
9951 皇田,2017/04/26,176,"74,900",234
9955 佳龍,2017/04/26,14.95,"103,208",15
9957 燁聯,2017/04/26,6.65,"2,620,413",368
9958 世紀鋼,2017/04/26,9.54,"185,558",32
9960 邁達康,2017/04/26,30.05,"33,592",390
9962 有益,2017/04/26,11.1,"90,220",61
A2300 電子調整,2017/04/26,405.27,"241,510,350","1,406,741"
A2324 半導體-A,2017/04/26,136.52,"75,686,885","367,779"
A2325 電腦週-A,2017/04/26,101.12,"36,426,346","119,630"
A2326 光電類-A,2017/04/26,44.68,"43,680,366","487,377"
A2327 通信網-A,2017/04/26,122.27,"26,826,939","108,723"
A2328 電子零-A,2017/04/26,89.41,"24,901,054","201,340"
A2329 電子通-A,2017/04/26,112.33,"7,006,331","16,547"
A2330 資訊服-A,2017/04/26,87.97,"1,411,640","2,056"
A2331 其他電-A,2017/04/26,101.46,"25,570,789","103,285"
A2500 營造調整,2017/04/26,264.36,"23,023,248","34,857"
A2800 金融調整,2017/04/26,"1,100.36","200,964,127","355,288"
AU9901 臺銀金,2017/04/26,"4,616.70",0,0
AU9902 一銀金,2017/04/26,"4,618.00",0,0
BC30 藍籌30指數,2017/04/26,"5,222.02",0,0
BC30N 藍籌30反一,2017/04/26,"9,545.61",0,0
BC30R 藍籌30報酬,2017/04/26,"5,222.02",0,0
CG100 治理100,2017/04/26,"5,517.56",0,0
CHI99 TEJ 中國概念股,2017/04/26,"3,094.89","86,475,424","222,118"
CR100 CG100 TR,2017/04/26,"5,981.25",0,0
DR100 漲升股利100 TR,2017/04/26,"5,813.33",0,0
DR150 漲升股利150 TR,2017/04/26,"5,857.37",0,0
DV100 漲升股利100,2017/04/26,"5,636.05",0,0
DV150 漲升股利150,2017/04/26,"5,669.97",0,0
E88TR 就業88TR,2017/04/26,113.96,"17,478,257","86,477"
E99TR 臺灣就業99報酬指數,2017/04/26,"7,187.88","373,423,106","939,404"
EDRIN 電子類反向指數,2017/04/26,"8,786.82",0,0
EDRL2 電子類兩倍槓桿指數,2017/04/26,"11,210.67",0,0
EMP88 就業88,2017/04/26,101.8,"17,478,257","86,477"
EMP99 臺灣就業99指數,2017/04/26,"5,850.89","373,423,106","939,404"
FRMSA 寶島指數,2017/04/26,"11,319.94","762,855,524","2,634,030"
FRMSR 寶島報酬指數,2017/04/26,"12,605.29","762,855,524","2,634,030"
GTHD 櫃買高殖利率指數,2017/04/26,106.95,"9,775,576","69,396"
GTHDR 櫃買高殖利率報酬指數,2017/04/26,124.67,"9,775,576","69,396"
HC100 高薪100,2017/04/26,"5,461.36",0,0
HR100 高薪100TR,2017/04/26,"6,002.12",0,0
INE30 工業菁英30指數,2017/04/26,"5,393.77",0,0
INR30 工業菁英30報酬,2017/04/26,"5,393.77",0,0
ITE30 電子菁英30指數,2017/04/26,"5,383.97",0,0
ITR30 電子菁英30報酬,2017/04/26,"5,383.97",0,0
LB100 低貝塔100指數,2017/04/26,"5,262.65",0,0
LR100 低貝塔100報酬,2017/04/26,"5,262.65",0,0
LV30 低波精選30指數,2017/04/26,"5,186.78",0,0
LV30R 低波精選30報酬,2017/04/26,"5,186.78",0,0
M1100 水泥工業類指數,2017/04/26,120.13,"9,818,612","13,972"
M11TR 水泥TR,2017/04/26,175.41,"9,818,612","13,972"
M1200 食品工業類指數,2017/04/26,"1,428.34","12,338,104","17,213"
M12TR 食品TR,2017/04/26,"1,751.75","12,338,104","17,213"
M1300 塑膠工業類指數,2017/04/26,260.72,"30,550,408","66,251"
M13TR 塑膠TR,2017/04/26,348.21,"30,550,408","66,251"
M1400 紡織纖維類指數,2017/04/26,490.39,"19,958,568","20,649"
M14TR 紡織TR,2017/04/26,642.44,"19,958,568","20,649"
M1500 電機機械類指數,2017/04/26,169.36,"12,302,759","58,974"
M15TR 電機機TR,2017/04/26,217.86,"12,302,759","58,974"
M1600 電器電纜類指數,2017/04/26,43.18,"7,223,522","6,669"
M16TR 電器電TR,2017/04/26,50.55,"7,223,522","6,669"
M1700 化學生技醫療類指數,2017/04/26,100.11,"14,838,639","21,699"
M1721 化學工業指數,2017/04/26,99.85,"10,242,944","12,945"
M1722 生技醫療指數,2017/04/26,70.98,"4,390,164","5,414"
M17T1 化學TR,2017/04/26,133.78,"10,242,944","12,945"
M17T2 生技TR,2017/04/26,86.67,"4,390,164","5,414"
M17TR 化學生TR,2017/04/26,129.79,"14,838,639","21,699"
M1800 玻璃陶瓷類指數,2017/04/26,41.09,"3,954,889","2,663"
M18TR 玻璃TR,2017/04/26,44.39,"3,954,889","2,663"
M1900 造紙工業類指數,2017/04/26,209.66,"5,789,457","15,361"
M19TR 造紙TR,2017/04/26,260.52,"5,789,457","15,361"
M2000 鋼鐵工業類指數,2017/04/26,100.35,"27,395,509","38,985"
M20TR 鋼鐵TR,2017/04/26,132.87,"27,395,509","38,985"
M2100 橡膠類指數,2017/04/26,319.34,"8,190,697","7,399"
M21TR 橡膠TR,2017/04/26,415.24,"8,190,697","7,399"
M2200 汽車工業類指數,2017/04/26,250.77,"4,945,316","4,972"
M22TR 汽車TR,2017/04/26,318.89,"4,945,316","4,972"
M2300 電子類指數,2017/04/26,405.27,"241,510,350","1,406,741"
M2324 半導體業指數,2017/04/26,136.52,"75,686,885","367,779"
M2325 電腦及週邊設備業指數,2017/04/26,101.12,"36,426,346","119,630"
M2326 光電業指數,2017/04/26,44.68,"43,680,366","487,377"
M2327 通訊網路業指數,2017/04/26,122.27,"26,826,939","108,723"
M2328 零組件指數,2017/04/26,89.41,"24,901,054","201,340"
M2329 電子通路業指數,2017/04/26,112.33,"7,006,331","16,547"
M2330 資訊服務業指數,2017/04/26,87.97,"1,411,640","2,056"
M2331 其他電子業指數,2017/04/26,101.46,"25,570,789","103,285"
M23T1 半導體報酬指數,2017/04/26,197.81,"75,686,885","367,779"
M23T2 電腦及週邊設備業TR,2017/04/26,161.39,"36,426,346","119,630"
M23T3 光電類TR,2017/04/26,55.68,"43,680,366","487,377"
M23T4 通信網路類TR,2017/04/26,204.15,"26,826,939","108,723"
M23T5 電子零組件TR,2017/04/26,134.29,"24,901,054","201,340"
M23T6 電子通路業TR,2017/04/26,187.59,"7,006,331","16,547"
M23T7 資訊服務業TR,2017/04/26,149.52,"1,411,640","2,056"
M23T8 其他電子業TR,2017/04/26,128.02,"25,570,789","103,285"
M23TR 電子報酬,2017/04/26,614.19,"241,510,350","1,406,741"
M2500 建材營造類指數,2017/04/26,264.36,"23,023,248","34,857"
M25TR 營造TR,2017/04/26,385.98,"23,023,248","34,857"
M2600 航運業類指數,2017/04/26,62.26,"27,759,263","31,143"
M26TR 航運TR,2017/04/26,77.43,"27,759,263","31,143"
M2700 觀光事業類指數,2017/04/26,114.99,"2,757,858","1,268"
M27TR 觀光TR,2017/04/26,133.76,"2,757,858","1,268"
M2800 金融保險類指數,2017/04/26,"1,100.36","200,964,127","355,288"
M28TR 金融報酬,2017/04/26,"1,485.08","200,964,127","355,288"
M2900 貿易百貨類指數,2017/04/26,227.75,"8,147,766","21,050"
M29TR 百貨TR,2017/04/26,285.42,"8,147,766","21,050"
M9700 油電燃氣業指數,2017/04/26,135.4,"11,529,941","3,676"
M97TR 油電燃TR,2017/04/26,170.31,"11,529,941","3,676"
M9900 其他類指數,2017/04/26,247.33,"17,500,392","61,866"
M99TR 其他TR,2017/04/26,340.22,"17,500,392","61,866"
MSCI 摩根台股指數,2017/04/26,366.43,"424,079,457","966,171"
MSCIA 摩台調整,2017/04/26,696.43,"424,079,457","966,171"
MSCIR 摩台TR,2017/04/26,696.43,"424,079,457","966,171"
O1721 OTC 化學工業,2017/04/26,80.83,"1,315,094","5,870"
O1722 OTC 生技醫療,2017/04/26,137.65,"7,056,701","20,136"
O2324 OTC 半導體業,2017/04/26,49.14,"10,643,071","103,336"
O2325 OTC 電腦及週邊設備業,2017/04/26,67.67,"4,514,875","46,961"
O2326 OTC 光電業,2017/04/26,28.91,"6,540,919","75,500"
O2327 OTC 通訊網路業,2017/04/26,77.61,"3,102,036","29,804"
O2328 OTC 電子零組件,2017/04/26,73.13,"10,363,663","75,422"
O2329 OTC 電子通路業,2017/04/26,70.83,"1,034,609","4,999"
O2330 OTC 資訊服務業,2017/04/26,100.38,"1,186,086","2,550"
OTC14 OTC 紡織,2017/04/26,151.1,"506,369",345
OTC15 OTC 電機,2017/04/26,148.98,"2,500,763","22,898"
OTC20 OTC 鋼鐵類,2017/04/26,130.59,"2,291,392","11,126"
OTC23 OTC 電子類,2017/04/26,186.86,"40,373,231","359,088"
OTC25 OTC 營造,2017/04/26,103.74,"3,399,968","3,036"
OTC26 OTC 運輸類,2017/04/26,62.92,"592,147","2,042"
OTC27 OTC 觀光類,2017/04/26,75.19,"1,041,700","1,533"
OTC32 文化創意業指數,2017/04/26,87.21,"1,137,586","4,293"
OTC99 OTC 指數,2017/04/26,132.27,"72,356,099","1,398,752"
OTCTR 櫃檯報酬指數,2017/04/26,182.93,"72,356,099","1,398,752"
REI96 REIT上市報酬指數,2017/04/26,"2,157.36","4,556,200",812
REI97 REIT Return Index,2017/04/26,"2,156.88","4,556,200",812
REI98 REIT上市指數,2017/04/26,"1,445.36","4,556,200",812
REI99 REIT指數,2017/04/26,"1,444.41","4,556,200",812
S300R 小型300 TR,2017/04/26,"6,206.72",0,0
SA50R 中小A 級動能50TR,2017/04/26,"5,227.65",0,0
SAM50 中小A 級動能50,2017/04/26,"5,227.65",0,0
SC300 小型300,2017/04/26,"5,942.72",0,0
SM50R 中小精選50TR,2017/04/26,"4,938.70",0,0
SMC50 中小精選50,2017/04/26,"4,938.70",0,0
T0313Y 第一金小型,2017/04/26,26.9,"27,887",0
T0314Y 第一金電子,2017/04/26,25,"35,953",0
T0336Y 第一金創新,2017/04/26,17.1,"60,993",0
T0502Y 元多福,2017/04/26,52.7,"54,418",0
T0504Y 元卓越,2017/04/26,37.25,"73,039",0
T0508Y 元高科,2017/04/26,12,"227,237",0
T0567Y 元2001,2017/04/26,57.85,-,0
T1001Y 富邦FB,2017/04/26,9.6,"500,000",0
T1010Y 精銳FB,2017/04/26,9.1,"800,000",0
T1012Y 科技FB,2017/04/26,18.86,"21,761",0
T1201Y 華南永昌永昌,2017/04/26,14.7,"74,753",0
T1249Y 華南物聯網,2017/04/26,10.4,"61,637",0
T1609Y 群益馬拉松,2017/04/26,94.18,"79,046",0
T1612Y 群益店頭市場,2017/04/26,72.94,"71,787",0
T2004Y 日盛小而美,2017/04/26,18.38,"42,282",0
T2005Y 日盛精選五虎,2017/04/26,29.24,"26,096",0
T2006Y 日盛高科技,2017/04/26,10.51,"51,840",0
T2501Y 永豐永豐,2017/04/26,27.67,"65,231",0
T2506Y 永豐中小,2017/04/26,37.54,"29,027",0
T2520Y 永豐領航科技,2017/04/26,27.3,"22,399",0
T3714Y 國泰小龍,2017/04/26,14.2,"580,768",0
T4720Y 台新2000高科,2017/04/26,25.47,"30,142",0
TDRIN 臺指反向,2017/04/26,"8,071.86",0,0
TDRL2 臺指兩倍,2017/04/26,"14,148.17",0,0
TF001 台灣高股息指數,2017/04/26,"5,771.17","71,502,361","229,973"
TF002 高股(TR),2017/04/26,"10,812.16","71,502,361","229,973"
TF003 台灣發達指數,2017/04/26,"8,553.88","179,820,128","388,707"
TF004 發達報酬,2017/04/26,"12,853.29","179,820,128","388,707"
TLHD 低波動高股息指數,2017/04/26,"1,432.63","115,358,363","268,907"
TLHDR 低波動高股息報酬指數,2017/04/26,"3,088.89","115,358,363","268,907"
TM100 台灣中型指數,2017/04/26,"6,861.17","135,646,378","613,285"
TPCGI 櫃買治理,2017/04/26,97.48,"11,814,889","59,575"
TPCGR 櫃 CG TR,2017/04/26,104.36,"11,814,889","59,575"
TPCI 櫃買薪酬,2017/04/26,82.6,"8,818,384","65,997"
TPCIR 櫃薪TR,2017/04/26,88.21,"8,818,384","65,997"
TR100 中型TR,2017/04/26,"10,641.05","135,646,378","613,285"
TRI50 T50 報酬指數,2017/04/26,"12,387.36","356,037,871","789,785"
TRTEJ 大盤TR,2017/04/26,"17,525.89","690,499,425","4,714,162"
TT999 TEJ 台灣100 指數,2017/04/26,"2,302.41","348,920,754","724,808"
TWN50 台灣50指數,2017/04/26,"7,429.73","356,037,871","789,785"
WIT01 資科指數,2017/04/26,"8,794.34","121,441,730","643,434"
WIT02 資科TR,2017/04/26,"13,942.60","121,441,730","643,434"
Y1100 水泥窯業,2017/04/26,463.38,"13,773,501","16,635"
Y1200 食品類,2017/04/26,"1,428.34","12,338,104","17,213"
Y1300 塑膠化工,2017/04/26,866.44,"53,579,744","95,350"
Y1400 紡纖,2017/04/26,490.39,"19,958,568","20,649"
Y1600 機電類,2017/04/26,"2,279.14","261,036,631","1,472,386"
Y1900 造紙類,2017/04/26,209.66,"5,789,457","15,361"
Y2500 營建,2017/04/26,264.36,"23,023,248","34,857"
Y2800 金融類,2017/04/26,"1,100.36","200,964,127","355,288"
Y5555 不含電子,2017/04/26,"13,561.52","448,989,075","771,625"
Y5556 不含電子報酬,2017/04/26,"25,238.33","448,989,075","771,625"
Y8886 未含金電,2017/04/26,"11,699.16","248,024,948","428,674"
Y8887 TR未金電,2017/04/26,"19,332.61","248,024,948","428,674"
Y8888 不含金融,2017/04/26,"8,370.12","489,535,298","1,835,415"
Y9997 報酬指數,2017/04/26,"16,250.31",0,0
Y9998 TEJ 大盤,2017/04/26,"9,856.45","690,499,425","2,190,704"
Y9999 加權指數,2017/04/26,"9,856.45","690,499,425","4,714,162"
YA999 加權ADJ,2017/04/26,"9,856.45",0,0
Z50TR 富櫃50報酬指數,2017/04/26,190.14,"10,926,986","72,424"
ZGT50 富櫃50指數,2017/04/26,150.51,"10,926,986","72,424"
